entangle-peer node-3 entangle :7230
entangle-peer node-3 control :8230 status http://0.0.0.0:9230/e91
entangle-peer node-3 status http://0.0.0.0:9230/e91
entangle-peer node-3 entangle :7230
entangle-peer node-3 control :8230 status http://0.0.0.0:9230/e91
entangle-peer node-3 status http://0.0.0.0:9230/e91
entangle-peer node-3 entangle :7230
entangle-peer node-3 control :8230 status http://0.0.0.0:9230/e91
entangle-peer node-3 status http://0.0.0.0:9230/e91
node:events:505
    throw er; // Unhandled 'error' event
    ^

Error: listen EADDRINUSE: address already in use 0.0.0.0:7230
    at Server.setupListenHandle [as _listen2] (node:net:2328:16)
    at listenInCluster (node:net:2437:12)
    at node:net:2666:7
    at process.processTicksAndRejections (node:internal/process/task_queues:90:21)
Emitted 'error' event on Server instance at:
    at emitErrorNT (node:net:2416:8)
    at process.processTicksAndRejections (node:internal/process/task_queues:90:21) {
  code: 'EADDRINUSE',
  errno: -98,
  syscall: 'listen',
  address: '0.0.0.0',
  port: 7230
}

Node.js v26.8.2
node:events:505
    throw er; // Unhandled 'error' event
    ^

Error: listen EADDRINUSE: address already in use 0.0.0.0:7230
    at Server.setupListenHandle [as _listen2] (node:net:2328:16)
    at listenInCluster (node:net:2437:12)
    at node:net:2666:7
    at process.processTicksAndRejections (node:internal/process/task_queues:90:21)
Emitted 'error' event on Server instance at:
    at emitErrorNT (node:net:2416:8)
    at process.processTicksAndRejections (node:internal/process/task_queues:90:21) {
  code: 'EADDRINUSE',
  errno: -98,
  syscall: 'listen',
  address: '0.0.0.0',
  port: 7230
}

Node.js v26.8.2
entangle-peer dev-3 entangle :7230
entangle-peer dev-3 control :8230 status http://0.0.0.0:9230/e91
entangle-peer dev-3 status http://0.0.0.0:9230/e91
node:events:505
    throw er; // Unhandled 'error' event
    ^

Error: listen EADDRINUSE: address already in use 0.0.0.0:7230
    at Server.setupListenHandle [as _listen2] (node:net:2328:16)
    at listenInCluster (node:net:2437:12)
    at node:net:2666:7
    at process.processTicksAndRejections (node:internal/process/task_queues:90:21)
Emitted 'error' event on Server instance at:
    at emitErrorNT (node:net:2416:8)
    at process.processTicksAndRejections (node:internal/process/task_queues:90:21) {
  code: 'EADDRINUSE',
  errno: -98,
  syscall: 'listen',
  address: '0.0.0.0',
  port: 7230
}

Node.js v26.8.2
node:events:505
    throw er; // Unhandled 'error' event
    ^

Error: listen EADDRINUSE: address already in use 0.0.0.0:7230
    at Server.setupListenHandle [as _listen2] (node:net:2328:16)
    at listenInCluster (node:net:2437:12)
    at node:net:2666:7
    at process.processTicksAndRejections (node:internal/process/task_queues:90:21)
Emitted 'error' event on Server instance at:
    at emitErrorNT (node:net:2416:8)
    at process.processTicksAndRejections (node:internal/process/task_queues:90:21) {
  code: 'EADDRINUSE',
  errno: -98,
  syscall: 'listen',
  address: '0.0.0.0',
  port: 7230
}

Node.js v26.8.2
node:events:505
    throw er; // Unhandled 'error' event
    ^

Error: listen EADDRINUSE: address already in use 0.0.0.0:7230
    at Server.setupListenHandle [as _listen2] (node:net:2328:16)
    at listenInCluster (node:net:2437:12)
    at node:net:2666:7
    at process.processTicksAndRejections (node:internal/process/task_queues:90:21)
Emitted 'error' event on Server instance at:
    at emitErrorNT (node:net:2416:8)
    at process.processTicksAndRejections (node:internal/process/task_queues:90:21) {
  code: 'EADDRINUSE',
  errno: -98,
  syscall: 'listen',
  address: '0.0.0.0',
  port: 7230
}

Node.js v26.8.2
node:events:505
    throw er; // Unhandled 'error' event
    ^

Error: listen EADDRINUSE: address already in use 0.0.0.0:7230
    at Server.setupListenHandle [as _listen2] (node:net:2328:16)
    at listenInCluster (node:net:2437:12)
    at node:net:2666:7
    at process.processTicksAndRejections (node:internal/process/task_queues:90:21)
Emitted 'error' event on Server instance at:
    at emitErrorNT (node:net:2416:8)
    at process.processTicksAndRejections (node:internal/process/task_queues:90:21) {
  code: 'EADDRINUSE',
  errno: -98,
  syscall: 'listen',
  address: '0.0.0.0',
  port: 7230
}

Node.js v26.8.2
node:events:505
    throw er; // Unhandled 'error' event
    ^

Error: listen EADDRINUSE: address already in use 0.0.0.0:7230
    at Server.setupListenHandle [as _listen2] (node:net:2328:16)
    at listenInCluster (node:net:2437:12)
    at node:net:2666:7
    at process.processTicksAndRejections (node:internal/process/task_queues:90:21)
Emitted 'error' event on Server instance at:
    at emitErrorNT (node:net:2416:8)
    at process.processTicksAndRejections (node:internal/process/task_queues:90:21) {
  code: 'EADDRINUSE',
  errno: -98,
  syscall: 'listen',
  address: '0.0.0.0',
  port: 7230
}

Node.js v26.8.2
node:events:505
    throw er; // Unhandled 'error' event
    ^

Error: listen EADDRINUSE: address already in use 0.0.0.0:7230
    at Server.setupListenHandle [as _listen2] (node:net:2328:16)
    at listenInCluster (node:net:2437:12)
    at node:net:2666:7
    at process.processTicksAndRejections (node:internal/process/task_queues:90:21)
Emitted 'error' event on Server instance at:
    at emitErrorNT (node:net:2416:8)
    at process.processTicksAndRejections (node:internal/process/task_queues:90:21) {
  code: 'EADDRINUSE',
  errno: -98,
  syscall: 'listen',
  address: '0.0.0.0',
  port: 7230
}

Node.js v26.8.2
entangle-peer dev-3 entangle :7230
entangle-peer dev-3 control :8230 status http://0.0.0.0:9230/e91
entangle-peer dev-3 status http://0.0.0.0:9230/e91
node:events:505
    throw er; // Unhandled 'error' event
    ^

Error: listen EADDRINUSE: address already in use 0.0.0.0:7230
    at Server.setupListenHandle [as _listen2] (node:net:2328:16)
    at listenInCluster (node:net:2437:12)
    at node:net:2666:7
    at process.processTicksAndRejections (node:internal/process/task_queues:90:21)
Emitted 'error' event on Server instance at:
    at emitErrorNT (node:net:2416:8)
    at process.processTicksAndRejections (node:internal/process/task_queues:90:21) {
  code: 'EADDRINUSE',
  errno: -98,
  syscall: 'listen',
  address: '0.0.0.0',
  port: 7230
}

Node.js v26.8.2
node:events:505
    throw er; // Unhandled 'error' event
    ^

Error: listen EADDRINUSE: address already in use 0.0.0.0:7230
    at Server.setupListenHandle [as _listen2] (node:net:2328:16)
    at listenInCluster (node:net:2437:12)
    at node:net:2666:7
    at process.processTicksAndRejections (node:internal/process/task_queues:90:21)
Emitted 'error' event on Server instance at:
    at emitErrorNT (node:net:2416:8)
    at process.processTicksAndRejections (node:internal/process/task_queues:90:21) {
  code: 'EADDRINUSE',
  errno: -98,
  syscall: 'listen',
  address: '0.0.0.0',
  port: 7230
}

Node.js v26.8.2
node:events:505
    throw er; // Unhandled 'error' event
    ^

Error: listen EADDRINUSE: address already in use 0.0.0.0:7230
    at Server.setupListenHandle [as _listen2] (node:net:2328:16)
    at listenInCluster (node:net:2437:12)
    at node:net:2666:7
    at process.processTicksAndRejections (node:internal/process/task_queues:90:21)
Emitted 'error' event on Server instance at:
    at emitErrorNT (node:net:2416:8)
    at process.processTicksAndRejections (node:internal/process/task_queues:90:21) {
  code: 'EADDRINUSE',
  errno: -98,
  syscall: 'listen',
  address: '0.0.0.0',
  port: 7230
}

Node.js v26.8.2
node:events:505
    throw er; // Unhandled 'error' event
    ^

Error: listen EADDRINUSE: address already in use 0.0.0.0:7230
    at Server.setupListenHandle [as _listen2] (node:net:2328:16)
    at listenInCluster (node:net:2437:12)
    at node:net:2666:7
    at process.processTicksAndRejections (node:internal/process/task_queues:90:21)
Emitted 'error' event on Server instance at:
    at emitErrorNT (node:net:2416:8)
    at process.processTicksAndRejections (node:internal/process/task_queues:90:21) {
  code: 'EADDRINUSE',
  errno: -98,
  syscall: 'listen',
  address: '0.0.0.0',
  port: 7230
}

Node.js v26.8.2
entangle-peer dev-3 entangle :7230
entangle-peer dev-3 control :8230 status http://0.0.0.0:9230/e91
entangle-peer dev-3 status http://0.0.0.0:9230/e91
entangle-peer dev-3 entangle :7230
entangle-peer dev-3 control :8230 status http://0.0.0.0:9230/e91
entangle-peer dev-3 status http://0.0.0.0:9230/e91
node:events:505
    throw er; // Unhandled 'error' event
    ^

Error: listen EADDRINUSE: address already in use 0.0.0.0:7230
    at Server.setupListenHandle [as _listen2] (node:net:2328:16)
    at listenInCluster (node:net:2437:12)
    at node:net:2666:7
    at process.processTicksAndRejections (node:internal/process/task_queues:90:21)
Emitted 'error' event on Server instance at:
    at emitErrorNT (node:net:2416:8)
    at process.processTicksAndRejections (node:internal/process/task_queues:90:21) {
  code: 'EADDRINUSE',
  errno: -98,
  syscall: 'listen',
  address: '0.0.0.0',
  port: 7230
}

Node.js v26.8.2
node:events:505
    throw er; // Unhandled 'error' event
    ^

Error: listen EADDRINUSE: address already in use 0.0.0.0:7230
    at Server.setupListenHandle [as _listen2] (node:net:2328:16)
    at listenInCluster (node:net:2437:12)
    at node:net:2666:7
    at process.processTicksAndRejections (node:internal/process/task_queues:90:21)
Emitted 'error' event on Server instance at:
    at emitErrorNT (node:net:2416:8)
    at process.processTicksAndRejections (node:internal/process/task_queues:90:21) {
  code: 'EADDRINUSE',
  errno: -98,
  syscall: 'listen',
  address: '0.0.0.0',
  port: 7230
}

Node.js v26.8.2
node:events:505
    throw er; // Unhandled 'error' event
    ^

Error: listen EADDRINUSE: address already in use 0.0.0.0:7230
    at Server.setupListenHandle [as _listen2] (node:net:2328:16)
    at listenInCluster (node:net:2437:12)
    at node:net:2666:7
    at process.processTicksAndRejections (node:internal/process/task_queues:90:21)
Emitted 'error' event on Server instance at:
    at emitErrorNT (node:net:2416:8)
    at process.processTicksAndRejections (node:internal/process/task_queues:90:21) {
  code: 'EADDRINUSE',
  errno: -98,
  syscall: 'listen',
  address: '0.0.0.0',
  port: 7230
}

Node.js v26.8.2
node:events:505
    throw er; // Unhandled 'error' event
    ^

Error: listen EADDRINUSE: address already in use 0.0.0.0:7230
    at Server.setupListenHandle [as _listen2] (node:net:2328:16)
    at listenInCluster (node:net:2437:12)
    at node:net:2666:7
    at process.processTicksAndRejections (node:internal/process/task_queues:90:21)
Emitted 'error' event on Server instance at:
    at emitErrorNT (node:net:2416:8)
    at process.processTicksAndRejections (node:internal/process/task_queues:90:21) {
  code: 'EADDRINUSE',
  errno: -98,
  syscall: 'listen',
  address: '0.0.0.0',
  port: 7230
}

Node.js v26.8.2
node:events:505
    throw er; // Unhandled 'error' event
    ^

Error: listen EADDRINUSE: address already in use 0.0.0.0:7230
    at Server.setupListenHandle [as _listen2] (node:net:2328:16)
    at listenInCluster (node:net:2437:12)
    at node:net:2666:7
    at process.processTicksAndRejections (node:internal/process/task_queues:90:21)
Emitted 'error' event on Server instance at:
    at emitErrorNT (node:net:2416:8)
    at process.processTicksAndRejections (node:internal/process/task_queues:90:21) {
  code: 'EADDRINUSE',
  errno: -98,
  syscall: 'listen',
  address: '0.0.0.0',
  port: 7230
}

Node.js v26.8.2
node:events:505
    throw er; // Unhandled 'error' event
    ^

Error: listen EADDRINUSE: address already in use 0.0.0.0:7230
    at Server.setupListenHandle [as _listen2] (node:net:2328:16)
    at listenInCluster (node:net:2437:12)
    at node:net:2666:7
    at process.processTicksAndRejections (node:internal/process/task_queues:90:21)
Emitted 'error' event on Server instance at:
    at emitErrorNT (node:net:2416:8)
    at process.processTicksAndRejections (node:internal/process/task_queues:90:21) {
  code: 'EADDRINUSE',
  errno: -98,
  syscall: 'listen',
  address: '0.0.0.0',
  port: 7230
}

Node.js v26.8.2
node:events:505
    throw er; // Unhandled 'error' event
    ^

Error: listen EADDRINUSE: address already in use 0.0.0.0:7230
    at Server.setupListenHandle [as _listen2] (node:net:2328:16)
    at listenInCluster (node:net:2437:12)
    at node:net:2666:7
    at process.processTicksAndRejections (node:internal/process/task_queues:90:21)
Emitted 'error' event on Server instance at:
    at emitErrorNT (node:net:2416:8)
    at process.processTicksAndRejections (node:internal/process/task_queues:90:21) {
  code: 'EADDRINUSE',
  errno: -98,
  syscall: 'listen',
  address: '0.0.0.0',
  port: 7230
}

Node.js v26.8.2
node:events:505
    throw er; // Unhandled 'error' event
    ^

Error: listen EADDRINUSE: address already in use 0.0.0.0:7230
    at Server.setupListenHandle [as _listen2] (node:net:2328:16)
    at listenInCluster (node:net:2437:12)
    at node:net:2666:7
    at process.processTicksAndRejections (node:internal/process/task_queues:90:21)
Emitted 'error' event on Server instance at:
    at emitErrorNT (node:net:2416:8)
    at process.processTicksAndRejections (node:internal/process/task_queues:90:21) {
  code: 'EADDRINUSE',
  errno: -98,
  syscall: 'listen',
  address: '0.0.0.0',
  port: 7230
}

Node.js v26.8.2
node:events:505
    throw er; // Unhandled 'error' event
    ^

Error: listen EADDRINUSE: address already in use 0.0.0.0:7230
    at Server.setupListenHandle [as _listen2] (node:net:2328:16)
    at listenInCluster (node:net:2437:12)
    at node:net:2666:7
    at process.processTicksAndRejections (node:internal/process/task_queues:90:21)
Emitted 'error' event on Server instance at:
    at emitErrorNT (node:net:2416:8)
    at process.processTicksAndRejections (node:internal/process/task_queues:90:21) {
  code: 'EADDRINUSE',
  errno: -98,
  syscall: 'listen',
  address: '0.0.0.0',
  port: 7230
}

Node.js v26.8.2
node:events:505
    throw er; // Unhandled 'error' event
    ^

Error: listen EADDRINUSE: address already in use 0.0.0.0:7230
    at Server.setupListenHandle [as _listen2] (node:net:2328:16)
    at listenInCluster (node:net:2437:12)
    at node:net:2666:7
    at process.processTicksAndRejections (node:internal/process/task_queues:90:21)
Emitted 'error' event on Server instance at:
    at emitErrorNT (node:net:2416:8)
    at process.processTicksAndRejections (node:internal/process/task_queues:90:21) {
  code: 'EADDRINUSE',
  errno: -98,
  syscall: 'listen',
  address: '0.0.0.0',
  port: 7230
}

Node.js v26.8.2
node:events:505
    throw er; // Unhandled 'error' event
    ^

Error: listen EADDRINUSE: address already in use 0.0.0.0:7230
    at Server.setupListenHandle [as _listen2] (node:net:2328:16)
    at listenInCluster (node:net:2437:12)
    at node:net:2666:7
    at process.processTicksAndRejections (node:internal/process/task_queues:90:21)
Emitted 'error' event on Server instance at:
    at emitErrorNT (node:net:2416:8)
    at process.processTicksAndRejections (node:internal/process/task_queues:90:21) {
  code: 'EADDRINUSE',
  errno: -98,
  syscall: 'listen',
  address: '0.0.0.0',
  port: 7230
}

Node.js v26.8.2
node:events:505
    throw er; // Unhandled 'error' event
    ^

Error: listen EADDRINUSE: address already in use 0.0.0.0:7230
    at Server.setupListenHandle [as _listen2] (node:net:2328:16)
    at listenInCluster (node:net:2437:12)
    at node:net:2666:7
    at process.processTicksAndRejections (node:internal/process/task_queues:90:21)
Emitted 'error' event on Server instance at:
    at emitErrorNT (node:net:2416:8)
    at process.processTicksAndRejections (node:internal/process/task_queues:90:21) {
  code: 'EADDRINUSE',
  errno: -98,
  syscall: 'listen',
  address: '0.0.0.0',
  port: 7230
}

Node.js v26.8.2
node:events:505
    throw er; // Unhandled 'error' event
    ^

Error: listen EADDRINUSE: address already in use 0.0.0.0:7230
    at Server.setupListenHandle [as _listen2] (node:net:2328:16)
    at listenInCluster (node:net:2437:12)
    at node:net:2666:7
    at process.processTicksAndRejections (node:internal/process/task_queues:90:21)
Emitted 'error' event on Server instance at:
    at emitErrorNT (node:net:2416:8)
    at process.processTicksAndRejections (node:internal/process/task_queues:90:21) {
  code: 'EADDRINUSE',
  errno: -98,
  syscall: 'listen',
  address: '0.0.0.0',
  port: 7230
}

Node.js v26.8.2
node:events:505
    throw er; // Unhandled 'error' event
    ^

Error: listen EADDRINUSE: address already in use 0.0.0.0:7230
    at Server.setupListenHandle [as _listen2] (node:net:2328:16)
    at listenInCluster (node:net:2437:12)
    at node:net:2666:7
    at process.processTicksAndRejections (node:internal/process/task_queues:90:21)
Emitted 'error' event on Server instance at:
    at emitErrorNT (node:net:2416:8)
    at process.processTicksAndRejections (node:internal/process/task_queues:90:21) {
  code: 'EADDRINUSE',
  errno: -98,
  syscall: 'listen',
  address: '0.0.0.0',
  port: 7230
}

Node.js v26.8.2
node:events:505
    throw er; // Unhandled 'error' event
    ^

Error: listen EADDRINUSE: address already in use 0.0.0.0:7230
    at Server.setupListenHandle [as _listen2] (node:net:2328:16)
    at listenInCluster (node:net:2437:12)
    at node:net:2666:7
    at process.processTicksAndRejections (node:internal/process/task_queues:90:21)
Emitted 'error' event on Server instance at:
    at emitErrorNT (node:net:2416:8)
    at process.processTicksAndRejections (node:internal/process/task_queues:90:21) {
  code: 'EADDRINUSE',
  errno: -98,
  syscall: 'listen',
  address: '0.0.0.0',
  port: 7230
}

Node.js v26.8.2
node:events:505
    throw er; // Unhandled 'error' event
    ^

Error: listen EADDRINUSE: address already in use 0.0.0.0:7230
    at Server.setupListenHandle [as _listen2] (node:net:2328:16)
    at listenInCluster (node:net:2437:12)
    at node:net:2666:7
    at process.processTicksAndRejections (node:internal/process/task_queues:90:21)
Emitted 'error' event on Server instance at:
    at emitErrorNT (node:net:2416:8)
    at process.processTicksAndRejections (node:internal/process/task_queues:90:21) {
  code: 'EADDRINUSE',
  errno: -98,
  syscall: 'listen',
  address: '0.0.0.0',
  port: 7230
}

Node.js v26.8.2
node:events:505
    throw er; // Unhandled 'error' event
    ^

Error: listen EADDRINUSE: address already in use 0.0.0.0:7230
    at Server.setupListenHandle [as _listen2] (node:net:2328:16)
    at listenInCluster (node:net:2437:12)
    at node:net:2666:7
    at process.processTicksAndRejections (node:internal/process/task_queues:90:21)
Emitted 'error' event on Server instance at:
    at emitErrorNT (node:net:2416:8)
    at process.processTicksAndRejections (node:internal/process/task_queues:90:21) {
  code: 'EADDRINUSE',
  errno: -98,
  syscall: 'listen',
  address: '0.0.0.0',
  port: 7230
}

Node.js v26.8.2
node:events:505
    throw er; // Unhandled 'error' event
    ^

Error: listen EADDRINUSE: address already in use 0.0.0.0:7230
    at Server.setupListenHandle [as _listen2] (node:net:2328:16)
    at listenInCluster (node:net:2437:12)
    at node:net:2666:7
    at process.processTicksAndRejections (node:internal/process/task_queues:90:21)
Emitted 'error' event on Server instance at:
    at emitErrorNT (node:net:2416:8)
    at process.processTicksAndRejections (node:internal/process/task_queues:90:21) {
  code: 'EADDRINUSE',
  errno: -98,
  syscall: 'listen',
  address: '0.0.0.0',
  port: 7230
}

Node.js v26.8.2
node:events:505
    throw er; // Unhandled 'error' event
    ^

Error: listen EADDRINUSE: address already in use 0.0.0.0:7230
    at Server.setupListenHandle [as _listen2] (node:net:2328:16)
    at listenInCluster (node:net:2437:12)
    at node:net:2666:7
    at process.processTicksAndRejections (node:internal/process/task_queues:90:21)
Emitted 'error' event on Server instance at:
    at emitErrorNT (node:net:2416:8)
    at process.processTicksAndRejections (node:internal/process/task_queues:90:21) {
  code: 'EADDRINUSE',
  errno: -98,
  syscall: 'listen',
  address: '0.0.0.0',
  port: 7230
}

Node.js v26.8.2
node:events:505
    throw er; // Unhandled 'error' event
    ^

Error: listen EADDRINUSE: address already in use 0.0.0.0:7230
    at Server.setupListenHandle [as _listen2] (node:net:2328:16)
    at listenInCluster (node:net:2437:12)
    at node:net:2666:7
    at process.processTicksAndRejections (node:internal/process/task_queues:90:21)
Emitted 'error' event on Server instance at:
    at emitErrorNT (node:net:2416:8)
    at process.processTicksAndRejections (node:internal/process/task_queues:90:21) {
  code: 'EADDRINUSE',
  errno: -98,
  syscall: 'listen',
  address: '0.0.0.0',
  port: 7230
}

Node.js v26.8.2
node:events:505
    throw er; // Unhandled 'error' event
    ^

Error: listen EADDRINUSE: address already in use 0.0.0.0:7230
    at Server.setupListenHandle [as _listen2] (node:net:2328:16)
    at listenInCluster (node:net:2437:12)
    at node:net:2666:7
    at process.processTicksAndRejections (node:internal/process/task_queues:90:21)
Emitted 'error' event on Server instance at:
    at emitErrorNT (node:net:2416:8)
    at process.processTicksAndRejections (node:internal/process/task_queues:90:21) {
  code: 'EADDRINUSE',
  errno: -98,
  syscall: 'listen',
  address: '0.0.0.0',
  port: 7230
}

Node.js v26.8.2
node:events:505
    throw er; // Unhandled 'error' event
    ^

Error: listen EADDRINUSE: address already in use 0.0.0.0:7230
    at Server.setupListenHandle [as _listen2] (node:net:2328:16)
    at listenInCluster (node:net:2437:12)
    at node:net:2666:7
    at process.processTicksAndRejections (node:internal/process/task_queues:90:21)
Emitted 'error' event on Server instance at:
    at emitErrorNT (node:net:2416:8)
    at process.processTicksAndRejections (node:internal/process/task_queues:90:21) {
  code: 'EADDRINUSE',
  errno: -98,
  syscall: 'listen',
  address: '0.0.0.0',
  port: 7230
}

Node.js v26.8.2
node:events:505
    throw er; // Unhandled 'error' event
    ^

Error: listen EADDRINUSE: address already in use 0.0.0.0:7230
    at Server.setupListenHandle [as _listen2] (node:net:2328:16)
    at listenInCluster (node:net:2437:12)
    at node:net:2666:7
    at process.processTicksAndRejections (node:internal/process/task_queues:90:21)
Emitted 'error' event on Server instance at:
    at emitErrorNT (node:net:2416:8)
    at process.processTicksAndRejections (node:internal/process/task_queues:90:21) {
  code: 'EADDRINUSE',
  errno: -98,
  syscall: 'listen',
  address: '0.0.0.0',
  port: 7230
}

Node.js v26.8.2
node:events:505
    throw er; // Unhandled 'error' event
    ^

Error: listen EADDRINUSE: address already in use 0.0.0.0:7230
    at Server.setupListenHandle [as _listen2] (node:net:2328:16)
    at listenInCluster (node:net:2437:12)
    at node:net:2666:7
    at process.processTicksAndRejections (node:internal/process/task_queues:90:21)
Emitted 'error' event on Server instance at:
    at emitErrorNT (node:net:2416:8)
    at process.processTicksAndRejections (node:internal/process/task_queues:90:21) {
  code: 'EADDRINUSE',
  errno: -98,
  syscall: 'listen',
  address: '0.0.0.0',
  port: 7230
}

Node.js v26.8.2
node:events:505
    throw er; // Unhandled 'error' event
    ^

Error: listen EADDRINUSE: address already in use 0.0.0.0:7230
    at Server.setupListenHandle [as _listen2] (node:net:2328:16)
    at listenInCluster (node:net:2437:12)
    at node:net:2666:7
    at process.processTicksAndRejections (node:internal/process/task_queues:90:21)
Emitted 'error' event on Server instance at:
    at emitErrorNT (node:net:2416:8)
    at process.processTicksAndRejections (node:internal/process/task_queues:90:21) {
  code: 'EADDRINUSE',
  errno: -98,
  syscall: 'listen',
  address: '0.0.0.0',
  port: 7230
}

Node.js v26.8.2
node:events:505
    throw er; // Unhandled 'error' event
    ^

Error: listen EADDRINUSE: address already in use 0.0.0.0:7230
    at Server.setupListenHandle [as _listen2] (node:net:2328:16)
    at listenInCluster (node:net:2437:12)
    at node:net:2666:7
    at process.processTicksAndRejections (node:internal/process/task_queues:90:21)
Emitted 'error' event on Server instance at:
    at emitErrorNT (node:net:2416:8)
    at process.processTicksAndRejections (node:internal/process/task_queues:90:21) {
  code: 'EADDRINUSE',
  errno: -98,
  syscall: 'listen',
  address: '0.0.0.0',
  port: 7230
}

Node.js v26.8.2
node:events:505
    throw er; // Unhandled 'error' event
    ^

Error: listen EADDRINUSE: address already in use 0.0.0.0:7230
    at Server.setupListenHandle [as _listen2] (node:net:2328:16)
    at listenInCluster (node:net:2437:12)
    at node:net:2666:7
    at process.processTicksAndRejections (node:internal/process/task_queues:90:21)
Emitted 'error' event on Server instance at:
    at emitErrorNT (node:net:2416:8)
    at process.processTicksAndRejections (node:internal/process/task_queues:90:21) {
  code: 'EADDRINUSE',
  errno: -98,
  syscall: 'listen',
  address: '0.0.0.0',
  port: 7230
}

Node.js v26.8.2
node:events:505
    throw er; // Unhandled 'error' event
    ^

Error: listen EADDRINUSE: address already in use 0.0.0.0:7230
    at Server.setupListenHandle [as _listen2] (node:net:2328:16)
    at listenInCluster (node:net:2437:12)
    at node:net:2666:7
    at process.processTicksAndRejections (node:internal/process/task_queues:90:21)
Emitted 'error' event on Server instance at:
    at emitErrorNT (node:net:2416:8)
    at process.processTicksAndRejections (node:internal/process/task_queues:90:21) {
  code: 'EADDRINUSE',
  errno: -98,
  syscall: 'listen',
  address: '0.0.0.0',
  port: 7230
}

Node.js v26.8.2
node:events:505
    throw er; // Unhandled 'error' event
    ^

Error: listen EADDRINUSE: address already in use 0.0.0.0:7230
    at Server.setupListenHandle [as _listen2] (node:net:2328:16)
    at listenInCluster (node:net:2437:12)
    at node:net:2666:7
    at process.processTicksAndRejections (node:internal/process/task_queues:90:21)
Emitted 'error' event on Server instance at:
    at emitErrorNT (node:net:2416:8)
    at process.processTicksAndRejections (node:internal/process/task_queues:90:21) {
  code: 'EADDRINUSE',
  errno: -98,
  syscall: 'listen',
  address: '0.0.0.0',
  port: 7230
}

Node.js v26.8.2
node:events:505
    throw er; // Unhandled 'error' event
    ^

Error: listen EADDRINUSE: address already in use 0.0.0.0:7230
    at Server.setupListenHandle [as _listen2] (node:net:2328:16)
    at listenInCluster (node:net:2437:12)
    at node:net:2666:7
    at process.processTicksAndRejections (node:internal/process/task_queues:90:21)
Emitted 'error' event on Server instance at:
    at emitErrorNT (node:net:2416:8)
    at process.processTicksAndRejections (node:internal/process/task_queues:90:21) {
  code: 'EADDRINUSE',
  errno: -98,
  syscall: 'listen',
  address: '0.0.0.0',
  port: 7230
}

Node.js v26.8.2
node:events:505
    throw er; // Unhandled 'error' event
    ^

Error: listen EADDRINUSE: address already in use 0.0.0.0:7230
    at Server.setupListenHandle [as _listen2] (node:net:2328:16)
    at listenInCluster (node:net:2437:12)
    at node:net:2666:7
    at process.processTicksAndRejections (node:internal/process/task_queues:90:21)
Emitted 'error' event on Server instance at:
    at emitErrorNT (node:net:2416:8)
    at process.processTicksAndRejections (node:internal/process/task_queues:90:21) {
  code: 'EADDRINUSE',
  errno: -98,
  syscall: 'listen',
  address: '0.0.0.0',
  port: 7230
}

Node.js v26.8.2
node:events:505
    throw er; // Unhandled 'error' event
    ^

Error: listen EADDRINUSE: address already in use 0.0.0.0:7230
    at Server.setupListenHandle [as _listen2] (node:net:2328:16)
    at listenInCluster (node:net:2437:12)
    at node:net:2666:7
    at process.processTicksAndRejections (node:internal/process/task_queues:90:21)
Emitted 'error' event on Server instance at:
    at emitErrorNT (node:net:2416:8)
    at process.processTicksAndRejections (node:internal/process/task_queues:90:21) {
  code: 'EADDRINUSE',
  errno: -98,
  syscall: 'listen',
  address: '0.0.0.0',
  port: 7230
}

Node.js v26.8.2
node:events:505
    throw er; // Unhandled 'error' event
    ^

Error: listen EADDRINUSE: address already in use 0.0.0.0:7230
    at Server.setupListenHandle [as _listen2] (node:net:2328:16)
    at listenInCluster (node:net:2437:12)
    at node:net:2666:7
    at process.processTicksAndRejections (node:internal/process/task_queues:90:21)
Emitted 'error' event on Server instance at:
    at emitErrorNT (node:net:2416:8)
    at process.processTicksAndRejections (node:internal/process/task_queues:90:21) {
  code: 'EADDRINUSE',
  errno: -98,
  syscall: 'listen',
  address: '0.0.0.0',
  port: 7230
}

Node.js v26.8.2
node:events:505
    throw er; // Unhandled 'error' event
    ^

Error: listen EADDRINUSE: address already in use 0.0.0.0:7230
    at Server.setupListenHandle [as _listen2] (node:net:2328:16)
    at listenInCluster (node:net:2437:12)
    at node:net:2666:7
    at process.processTicksAndRejections (node:internal/process/task_queues:90:21)
Emitted 'error' event on Server instance at:
    at emitErrorNT (node:net:2416:8)
    at process.processTicksAndRejections (node:internal/process/task_queues:90:21) {
  code: 'EADDRINUSE',
  errno: -98,
  syscall: 'listen',
  address: '0.0.0.0',
  port: 7230
}

Node.js v26.8.2
node:events:505
    throw er; // Unhandled 'error' event
    ^

Error: listen EADDRINUSE: address already in use 0.0.0.0:7230
    at Server.setupListenHandle [as _listen2] (node:net:2328:16)
    at listenInCluster (node:net:2437:12)
    at node:net:2666:7
    at process.processTicksAndRejections (node:internal/process/task_queues:90:21)
Emitted 'error' event on Server instance at:
    at emitErrorNT (node:net:2416:8)
    at process.processTicksAndRejections (node:internal/process/task_queues:90:21) {
  code: 'EADDRINUSE',
  errno: -98,
  syscall: 'listen',
  address: '0.0.0.0',
  port: 7230
}

Node.js v26.8.2
node:events:505
    throw er; // Unhandled 'error' event
    ^

Error: listen EADDRINUSE: address already in use 0.0.0.0:7230
    at Server.setupListenHandle [as _listen2] (node:net:2328:16)
    at listenInCluster (node:net:2437:12)
    at node:net:2666:7
    at process.processTicksAndRejections (node:internal/process/task_queues:90:21)
Emitted 'error' event on Server instance at:
    at emitErrorNT (node:net:2416:8)
    at process.processTicksAndRejections (node:internal/process/task_queues:90:21) {
  code: 'EADDRINUSE',
  errno: -98,
  syscall: 'listen',
  address: '0.0.0.0',
  port: 7230
}

Node.js v26.8.2
entangle-peer dev-3-1 entangle :7231
entangle-peer dev-3-1 control :8231 status http://0.0.0.0:9231/e91
entangle-peer dev-3-1 status http://0.0.0.0:9231/e91
entangle-peer dev-3-2 entangle :7232
entangle-peer dev-3-2 control :8232 status http://0.0.0.0:9232/e91
entangle-peer dev-3-2 status http://0.0.0.0:9232/e91
entangle-peer dev-3-3 entangle :7233
entangle-peer dev-3-3 control :8233 status http://0.0.0.0:9233/e91
entangle-peer dev-3-3 status http://0.0.0.0:9233/e91
entangle-peer dev-3-4 entangle :7234
entangle-peer dev-3-4 control :8234 status http://0.0.0.0:9234/e91
entangle-peer dev-3-4 status http://0.0.0.0:9234/e91
entangle-peer dev-3-5 entangle :7235
entangle-peer dev-3-5 control :8235 status http://0.0.0.0:9235/e91
entangle-peer dev-3-5 status http://0.0.0.0:9235/e91
entangle-peer dev-3-6 entangle :7236
entangle-peer dev-3-6 control :8236 status http://0.0.0.0:9236/e91
entangle-peer dev-3-6 status http://0.0.0.0:9236/e91
entangle-peer dev-3-7 entangle :7237
entangle-peer dev-3-7 control :8237 status http://0.0.0.0:9237/e91
entangle-peer dev-3-7 status http://0.0.0.0:9237/e91
entangle-peer dev-3-8 entangle :7238
entangle-peer dev-3-8 control :8238 status http://0.0.0.0:9238/e91
entangle-peer dev-3-8 status http://0.0.0.0:9238/e91
entangle-peer dev-3-9 entangle :7239
entangle-peer dev-3-9 control :8239 status http://0.0.0.0:9239/e91
entangle-peer dev-3-9 status http://0.0.0.0:9239/e91
entangle-peer dev-3-10 entangle :7240
entangle-peer dev-3-10 control :8240 status http://0.0.0.0:9240/e91
entangle-peer dev-3-10 status http://0.0.0.0:9240/e91
entangle-peer dev-3-11 entangle :7241
entangle-peer dev-3-11 control :8241 status http://0.0.0.0:9241/e91
entangle-peer dev-3-11 status http://0.0.0.0:9241/e91
entangle-peer dev-3-12 entangle :7242
entangle-peer dev-3-12 control :8242 status http://0.0.0.0:9242/e91
entangle-peer dev-3-12 status http://0.0.0.0:9242/e91
entangle-peer dev-3-13 entangle :7243
entangle-peer dev-3-13 control :8243 status http://0.0.0.0:9243/e91
entangle-peer dev-3-13 status http://0.0.0.0:9243/e91
entangle-peer dev-3-14 entangle :7244
entangle-peer dev-3-14 control :8244 status http://0.0.0.0:9244/e91
entangle-peer dev-3-14 status http://0.0.0.0:9244/e91
entangle-peer dev-3-15 entangle :7245
entangle-peer dev-3-15 control :8245 status http://0.0.0.0:9245/e91
entangle-peer dev-3-15 status http://0.0.0.0:9245/e91
entangle-peer dev-3-16 entangle :7246
entangle-peer dev-3-16 control :8246 status http://0.0.0.0:9246/e91
entangle-peer dev-3-16 status http://0.0.0.0:9246/e91
entangle-peer dev-3-17 entangle :7247
entangle-peer dev-3-17 control :8247 status http://0.0.0.0:9247/e91
entangle-peer dev-3-17 status http://0.0.0.0:9247/e91
entangle-peer dev-3-18 entangle :7248
entangle-peer dev-3-18 control :8248 status http://0.0.0.0:9248/e91
entangle-peer dev-3-18 status http://0.0.0.0:9248/e91
entangle-peer dev-3-19 entangle :7249
entangle-peer dev-3-19 control :8249 status http://0.0.0.0:9249/e91
entangle-peer dev-3-19 status http://0.0.0.0:9249/e91
entangle-peer dev-3-20 entangle :7250
entangle-peer dev-3-20 control :8250 status http://0.0.0.0:9250/e91
entangle-peer dev-3-20 status http://0.0.0.0:9250/e91
entangle-peer dev-3-21 entangle :7251
entangle-peer dev-3-21 control :8251 status http://0.0.0.0:9251/e91
entangle-peer dev-3-21 status http://0.0.0.0:9251/e91
entangle-peer dev-3-22 entangle :7252
entangle-peer dev-3-22 control :8252 status http://0.0.0.0:9252/e91
entangle-peer dev-3-22 status http://0.0.0.0:9252/e91
entangle-peer dev-3-23 entangle :7253
entangle-peer dev-3-23 control :8253 status http://0.0.0.0:9253/e91
entangle-peer dev-3-23 status http://0.0.0.0:9253/e91
node:events:505
    throw er; // Unhandled 'error' event
    ^

Error: listen EADDRINUSE: address already in use 0.0.0.0:7231
    at Server.setupListenHandle [as _listen2] (node:net:2328:16)
    at listenInCluster (node:net:2437:12)
    at node:net:2666:7
    at process.processTicksAndRejections (node:internal/process/task_queues:90:21)
Emitted 'error' event on Server instance at:
    at emitErrorNT (node:net:2416:8)
    at process.processTicksAndRejections (node:internal/process/task_queues:90:21) {
  code: 'EADDRINUSE',
  errno: -98,
  syscall: 'listen',
  address: '0.0.0.0',
  port: 7231
}

Node.js v26.8.2
node:events:505
    throw er; // Unhandled 'error' event
    ^

Error: listen EADDRINUSE: address already in use 0.0.0.0:7232
    at Server.setupListenHandle [as _listen2] (node:net:2328:16)
    at listenInCluster (node:net:2437:12)
    at node:net:2666:7
    at process.processTicksAndRejections (node:internal/process/task_queues:90:21)
Emitted 'error' event on Server instance at:
    at emitErrorNT (node:net:2416:8)
    at process.processTicksAndRejections (node:internal/process/task_queues:90:21) {
  code: 'EADDRINUSE',
  errno: -98,
  syscall: 'listen',
  address: '0.0.0.0',
  port: 7232
}

Node.js v26.8.2
node:events:505
    throw er; // Unhandled 'error' event
    ^

Error: listen EADDRINUSE: address already in use 0.0.0.0:7233
    at Server.setupListenHandle [as _listen2] (node:net:2328:16)
    at listenInCluster (node:net:2437:12)
    at node:net:2666:7
    at process.processTicksAndRejections (node:internal/process/task_queues:90:21)
Emitted 'error' event on Server instance at:
    at emitErrorNT (node:net:2416:8)
    at process.processTicksAndRejections (node:internal/process/task_queues:90:21) {
  code: 'EADDRINUSE',
  errno: -98,
  syscall: 'listen',
  address: '0.0.0.0',
  port: 7233
}

Node.js v26.8.2
node:events:505
    throw er; // Unhandled 'error' event
    ^

Error: listen EADDRINUSE: address already in use 0.0.0.0:7234
    at Server.setupListenHandle [as _listen2] (node:net:2328:16)
    at listenInCluster (node:net:2437:12)
    at node:net:2666:7
    at process.processTicksAndRejections (node:internal/process/task_queues:90:21)
Emitted 'error' event on Server instance at:
    at emitErrorNT (node:net:2416:8)
    at process.processTicksAndRejections (node:internal/process/task_queues:90:21) {
  code: 'EADDRINUSE',
  errno: -98,
  syscall: 'listen',
  address: '0.0.0.0',
  port: 7234
}

Node.js v26.8.2
node:events:505
    throw er; // Unhandled 'error' event
    ^

Error: listen EADDRINUSE: address already in use 0.0.0.0:7235
    at Server.setupListenHandle [as _listen2] (node:net:2328:16)
    at listenInCluster (node:net:2437:12)
    at node:net:2666:7
    at process.processTicksAndRejections (node:internal/process/task_queues:90:21)
Emitted 'error' event on Server instance at:
    at emitErrorNT (node:net:2416:8)
    at process.processTicksAndRejections (node:internal/process/task_queues:90:21) {
  code: 'EADDRINUSE',
  errno: -98,
  syscall: 'listen',
  address: '0.0.0.0',
  port: 7235
}

Node.js v26.8.2
node:events:505
    throw er; // Unhandled 'error' event
    ^

Error: listen EADDRINUSE: address already in use 0.0.0.0:7236
    at Server.setupListenHandle [as _listen2] (node:net:2328:16)
    at listenInCluster (node:net:2437:12)
    at node:net:2666:7
    at process.processTicksAndRejections (node:internal/process/task_queues:90:21)
Emitted 'error' event on Server instance at:
    at emitErrorNT (node:net:2416:8)
    at process.processTicksAndRejections (node:internal/process/task_queues:90:21) {
  code: 'EADDRINUSE',
  errno: -98,
  syscall: 'listen',
  address: '0.0.0.0',
  port: 7236
}

Node.js v26.8.2
node:events:505
    throw er; // Unhandled 'error' event
    ^

Error: listen EADDRINUSE: address already in use 0.0.0.0:7237
    at Server.setupListenHandle [as _listen2] (node:net:2328:16)
    at listenInCluster (node:net:2437:12)
    at node:net:2666:7
    at process.processTicksAndRejections (node:internal/process/task_queues:90:21)
Emitted 'error' event on Server instance at:
    at emitErrorNT (node:net:2416:8)
    at process.processTicksAndRejections (node:internal/process/task_queues:90:21) {
  code: 'EADDRINUSE',
  errno: -98,
  syscall: 'listen',
  address: '0.0.0.0',
  port: 7237
}

Node.js v26.8.2
node:events:505
    throw er; // Unhandled 'error' event
    ^

Error: listen EADDRINUSE: address already in use 0.0.0.0:7238
    at Server.setupListenHandle [as _listen2] (node:net:2328:16)
    at listenInCluster (node:net:2437:12)
    at node:net:2666:7
    at process.processTicksAndRejections (node:internal/process/task_queues:90:21)
Emitted 'error' event on Server instance at:
    at emitErrorNT (node:net:2416:8)
    at process.processTicksAndRejections (node:internal/process/task_queues:90:21) {
  code: 'EADDRINUSE',
  errno: -98,
  syscall: 'listen',
  address: '0.0.0.0',
  port: 7238
}

Node.js v26.8.2
node:events:505
    throw er; // Unhandled 'error' event
    ^

Error: listen EADDRINUSE: address already in use 0.0.0.0:7239
    at Server.setupListenHandle [as _listen2] (node:net:2328:16)
    at listenInCluster (node:net:2437:12)
    at node:net:2666:7
    at process.processTicksAndRejections (node:internal/process/task_queues:90:21)
Emitted 'error' event on Server instance at:
    at emitErrorNT (node:net:2416:8)
    at process.processTicksAndRejections (node:internal/process/task_queues:90:21) {
  code: 'EADDRINUSE',
  errno: -98,
  syscall: 'listen',
  address: '0.0.0.0',
  port: 7239
}

Node.js v26.8.2
node:events:505
    throw er; // Unhandled 'error' event
    ^

Error: listen EADDRINUSE: address already in use 0.0.0.0:7240
    at Server.setupListenHandle [as _listen2] (node:net:2328:16)
    at listenInCluster (node:net:2437:12)
    at node:net:2666:7
    at process.processTicksAndRejections (node:internal/process/task_queues:90:21)
Emitted 'error' event on Server instance at:
    at emitErrorNT (node:net:2416:8)
    at process.processTicksAndRejections (node:internal/process/task_queues:90:21) {
  code: 'EADDRINUSE',
  errno: -98,
  syscall: 'listen',
  address: '0.0.0.0',
  port: 7240
}

Node.js v26.8.2
node:events:505
    throw er; // Unhandled 'error' event
    ^

Error: listen EADDRINUSE: address already in use 0.0.0.0:7241
    at Server.setupListenHandle [as _listen2] (node:net:2328:16)
    at listenInCluster (node:net:2437:12)
    at node:net:2666:7
    at process.processTicksAndRejections (node:internal/process/task_queues:90:21)
Emitted 'error' event on Server instance at:
    at emitErrorNT (node:net:2416:8)
    at process.processTicksAndRejections (node:internal/process/task_queues:90:21) {
  code: 'EADDRINUSE',
  errno: -98,
  syscall: 'listen',
  address: '0.0.0.0',
  port: 7241
}

Node.js v26.8.2
node:events:505
    throw er; // Unhandled 'error' event
    ^

Error: listen EADDRINUSE: address already in use 0.0.0.0:7242
    at Server.setupListenHandle [as _listen2] (node:net:2328:16)
    at listenInCluster (node:net:2437:12)
    at node:net:2666:7
    at process.processTicksAndRejections (node:internal/process/task_queues:90:21)
Emitted 'error' event on Server instance at:
    at emitErrorNT (node:net:2416:8)
    at process.processTicksAndRejections (node:internal/process/task_queues:90:21) {
  code: 'EADDRINUSE',
  errno: -98,
  syscall: 'listen',
  address: '0.0.0.0',
  port: 7242
}

Node.js v26.8.2
node:events:505
    throw er; // Unhandled 'error' event
    ^

Error: listen EADDRINUSE: address already in use 0.0.0.0:7243
    at Server.setupListenHandle [as _listen2] (node:net:2328:16)
    at listenInCluster (node:net:2437:12)
    at node:net:2666:7
    at process.processTicksAndRejections (node:internal/process/task_queues:90:21)
Emitted 'error' event on Server instance at:
    at emitErrorNT (node:net:2416:8)
    at process.processTicksAndRejections (node:internal/process/task_queues:90:21) {
  code: 'EADDRINUSE',
  errno: -98,
  syscall: 'listen',
  address: '0.0.0.0',
  port: 7243
}

Node.js v26.8.2
node:events:505
    throw er; // Unhandled 'error' event
    ^

Error: listen EADDRINUSE: address already in use 0.0.0.0:7244
    at Server.setupListenHandle [as _listen2] (node:net:2328:16)
    at listenInCluster (node:net:2437:12)
    at node:net:2666:7
    at process.processTicksAndRejections (node:internal/process/task_queues:90:21)
Emitted 'error' event on Server instance at:
    at emitErrorNT (node:net:2416:8)
    at process.processTicksAndRejections (node:internal/process/task_queues:90:21) {
  code: 'EADDRINUSE',
  errno: -98,
  syscall: 'listen',
  address: '0.0.0.0',
  port: 7244
}

Node.js v26.8.2
node:events:505
    throw er; // Unhandled 'error' event
    ^

Error: listen EADDRINUSE: address already in use 0.0.0.0:7245
    at Server.setupListenHandle [as _listen2] (node:net:2328:16)
    at listenInCluster (node:net:2437:12)
    at node:net:2666:7
    at process.processTicksAndRejections (node:internal/process/task_queues:90:21)
Emitted 'error' event on Server instance at:
    at emitErrorNT (node:net:2416:8)
    at process.processTicksAndRejections (node:internal/process/task_queues:90:21) {
  code: 'EADDRINUSE',
  errno: -98,
  syscall: 'listen',
  address: '0.0.0.0',
  port: 7245
}

Node.js v26.8.2
node:events:505
    throw er; // Unhandled 'error' event
    ^

Error: listen EADDRINUSE: address already in use 0.0.0.0:7246
    at Server.setupListenHandle [as _listen2] (node:net:2328:16)
    at listenInCluster (node:net:2437:12)
    at node:net:2666:7
    at process.processTicksAndRejections (node:internal/process/task_queues:90:21)
Emitted 'error' event on Server instance at:
    at emitErrorNT (node:net:2416:8)
    at process.processTicksAndRejections (node:internal/process/task_queues:90:21) {
  code: 'EADDRINUSE',
  errno: -98,
  syscall: 'listen',
  address: '0.0.0.0',
  port: 7246
}

Node.js v26.8.2
node:events:505
    throw er; // Unhandled 'error' event
    ^

Error: listen EADDRINUSE: address already in use 0.0.0.0:7247
    at Server.setupListenHandle [as _listen2] (node:net:2328:16)
    at listenInCluster (node:net:2437:12)
    at node:net:2666:7
    at process.processTicksAndRejections (node:internal/process/task_queues:90:21)
Emitted 'error' event on Server instance at:
    at emitErrorNT (node:net:2416:8)
    at process.processTicksAndRejections (node:internal/process/task_queues:90:21) {
  code: 'EADDRINUSE',
  errno: -98,
  syscall: 'listen',
  address: '0.0.0.0',
  port: 7247
}

Node.js v26.8.2
node:events:505
    throw er; // Unhandled 'error' event
    ^

Error: listen EADDRINUSE: address already in use 0.0.0.0:7248
    at Server.setupListenHandle [as _listen2] (node:net:2328:16)
    at listenInCluster (node:net:2437:12)
    at node:net:2666:7
    at process.processTicksAndRejections (node:internal/process/task_queues:90:21)
Emitted 'error' event on Server instance at:
    at emitErrorNT (node:net:2416:8)
    at process.processTicksAndRejections (node:internal/process/task_queues:90:21) {
  code: 'EADDRINUSE',
  errno: -98,
  syscall: 'listen',
  address: '0.0.0.0',
  port: 7248
}

Node.js v26.8.2
node:events:505
    throw er; // Unhandled 'error' event
    ^

Error: listen EADDRINUSE: address already in use 0.0.0.0:7249
    at Server.setupListenHandle [as _listen2] (node:net:2328:16)
    at listenInCluster (node:net:2437:12)
    at node:net:2666:7
    at process.processTicksAndRejections (node:internal/process/task_queues:90:21)
Emitted 'error' event on Server instance at:
    at emitErrorNT (node:net:2416:8)
    at process.processTicksAndRejections (node:internal/process/task_queues:90:21) {
  code: 'EADDRINUSE',
  errno: -98,
  syscall: 'listen',
  address: '0.0.0.0',
  port: 7249
}

Node.js v26.8.2
node:events:505
    throw er; // Unhandled 'error' event
    ^

Error: listen EADDRINUSE: address already in use 0.0.0.0:7250
    at Server.setupListenHandle [as _listen2] (node:net:2328:16)
    at listenInCluster (node:net:2437:12)
    at node:net:2666:7
    at process.processTicksAndRejections (node:internal/process/task_queues:90:21)
Emitted 'error' event on Server instance at:
    at emitErrorNT (node:net:2416:8)
    at process.processTicksAndRejections (node:internal/process/task_queues:90:21) {
  code: 'EADDRINUSE',
  errno: -98,
  syscall: 'listen',
  address: '0.0.0.0',
  port: 7250
}

Node.js v26.8.2
node:events:505
    throw er; // Unhandled 'error' event
    ^

Error: listen EADDRINUSE: address already in use 0.0.0.0:7251
    at Server.setupListenHandle [as _listen2] (node:net:2328:16)
    at listenInCluster (node:net:2437:12)
    at node:net:2666:7
    at process.processTicksAndRejections (node:internal/process/task_queues:90:21)
Emitted 'error' event on Server instance at:
    at emitErrorNT (node:net:2416:8)
    at process.processTicksAndRejections (node:internal/process/task_queues:90:21) {
  code: 'EADDRINUSE',
  errno: -98,
  syscall: 'listen',
  address: '0.0.0.0',
  port: 7251
}

Node.js v26.8.2
node:events:505
    throw er; // Unhandled 'error' event
    ^

Error: listen EADDRINUSE: address already in use 0.0.0.0:7252
    at Server.setupListenHandle [as _listen2] (node:net:2328:16)
    at listenInCluster (node:net:2437:12)
    at node:net:2666:7
    at process.processTicksAndRejections (node:internal/process/task_queues:90:21)
Emitted 'error' event on Server instance at:
    at emitErrorNT (node:net:2416:8)
    at process.processTicksAndRejections (node:internal/process/task_queues:90:21) {
  code: 'EADDRINUSE',
  errno: -98,
  syscall: 'listen',
  address: '0.0.0.0',
  port: 7252
}

Node.js v26.8.2
node:events:505
    throw er; // Unhandled 'error' event
    ^

Error: listen EADDRINUSE: address already in use 0.0.0.0:7253
    at Server.setupListenHandle [as _listen2] (node:net:2328:16)
    at listenInCluster (node:net:2437:12)
    at node:net:2666:7
    at process.processTicksAndRejections (node:internal/process/task_queues:90:21)
Emitted 'error' event on Server instance at:
    at emitErrorNT (node:net:2416:8)
    at process.processTicksAndRejections (node:internal/process/task_queues:90:21) {
  code: 'EADDRINUSE',
  errno: -98,
  syscall: 'listen',
  address: '0.0.0.0',
  port: 7253
}

Node.js v26.8.2
node:events:505
    throw er; // Unhandled 'error' event
    ^

Error: listen EADDRINUSE: address already in use 0.0.0.0:7231
    at Server.setupListenHandle [as _listen2] (node:net:2328:16)
    at listenInCluster (node:net:2437:12)
    at node:net:2666:7
    at process.processTicksAndRejections (node:internal/process/task_queues:90:21)
Emitted 'error' event on Server instance at:
    at emitErrorNT (node:net:2416:8)
    at process.processTicksAndRejections (node:internal/process/task_queues:90:21) {
  code: 'EADDRINUSE',
  errno: -98,
  syscall: 'listen',
  address: '0.0.0.0',
  port: 7231
}

Node.js v26.8.2
node:events:505
    throw er; // Unhandled 'error' event
    ^

Error: listen EADDRINUSE: address already in use 0.0.0.0:7232
    at Server.setupListenHandle [as _listen2] (node:net:2328:16)
    at listenInCluster (node:net:2437:12)
    at node:net:2666:7
    at process.processTicksAndRejections (node:internal/process/task_queues:90:21)
Emitted 'error' event on Server instance at:
    at emitErrorNT (node:net:2416:8)
    at process.processTicksAndRejections (node:internal/process/task_queues:90:21) {
  code: 'EADDRINUSE',
  errno: -98,
  syscall: 'listen',
  address: '0.0.0.0',
  port: 7232
}

Node.js v26.8.2
node:events:505
    throw er; // Unhandled 'error' event
    ^

Error: listen EADDRINUSE: address already in use 0.0.0.0:7233
    at Server.setupListenHandle [as _listen2] (node:net:2328:16)
    at listenInCluster (node:net:2437:12)
    at node:net:2666:7
    at process.processTicksAndRejections (node:internal/process/task_queues:90:21)
Emitted 'error' event on Server instance at:
    at emitErrorNT (node:net:2416:8)
    at process.processTicksAndRejections (node:internal/process/task_queues:90:21) {
  code: 'EADDRINUSE',
  errno: -98,
  syscall: 'listen',
  address: '0.0.0.0',
  port: 7233
}

Node.js v26.8.2
node:events:505
    throw er; // Unhandled 'error' event
    ^

Error: listen EADDRINUSE: address already in use 0.0.0.0:7234
    at Server.setupListenHandle [as _listen2] (node:net:2328:16)
    at listenInCluster (node:net:2437:12)
    at node:net:2666:7
    at process.processTicksAndRejections (node:internal/process/task_queues:90:21)
Emitted 'error' event on Server instance at:
    at emitErrorNT (node:net:2416:8)
    at process.processTicksAndRejections (node:internal/process/task_queues:90:21) {
  code: 'EADDRINUSE',
  errno: -98,
  syscall: 'listen',
  address: '0.0.0.0',
  port: 7234
}

Node.js v26.8.2
node:events:505
    throw er; // Unhandled 'error' event
    ^

Error: listen EADDRINUSE: address already in use 0.0.0.0:7235
    at Server.setupListenHandle [as _listen2] (node:net:2328:16)
    at listenInCluster (node:net:2437:12)
    at node:net:2666:7
    at process.processTicksAndRejections (node:internal/process/task_queues:90:21)
Emitted 'error' event on Server instance at:
    at emitErrorNT (node:net:2416:8)
    at process.processTicksAndRejections (node:internal/process/task_queues:90:21) {
  code: 'EADDRINUSE',
  errno: -98,
  syscall: 'listen',
  address: '0.0.0.0',
  port: 7235
}

Node.js v26.8.2
node:events:505
    throw er; // Unhandled 'error' event
    ^

Error: listen EADDRINUSE: address already in use 0.0.0.0:7236
    at Server.setupListenHandle [as _listen2] (node:net:2328:16)
    at listenInCluster (node:net:2437:12)
    at node:net:2666:7
    at process.processTicksAndRejections (node:internal/process/task_queues:90:21)
Emitted 'error' event on Server instance at:
    at emitErrorNT (node:net:2416:8)
    at process.processTicksAndRejections (node:internal/process/task_queues:90:21) {
  code: 'EADDRINUSE',
  errno: -98,
  syscall: 'listen',
  address: '0.0.0.0',
  port: 7236
}

Node.js v26.8.2
node:events:505
    throw er; // Unhandled 'error' event
    ^

Error: listen EADDRINUSE: address already in use 0.0.0.0:7237
    at Server.setupListenHandle [as _listen2] (node:net:2328:16)
    at listenInCluster (node:net:2437:12)
    at node:net:2666:7
    at process.processTicksAndRejections (node:internal/process/task_queues:90:21)
Emitted 'error' event on Server instance at:
    at emitErrorNT (node:net:2416:8)
    at process.processTicksAndRejections (node:internal/process/task_queues:90:21) {
  code: 'EADDRINUSE',
  errno: -98,
  syscall: 'listen',
  address: '0.0.0.0',
  port: 7237
}

Node.js v26.8.2
node:events:505
    throw er; // Unhandled 'error' event
    ^

Error: listen EADDRINUSE: address already in use 0.0.0.0:7238
    at Server.setupListenHandle [as _listen2] (node:net:2328:16)
    at listenInCluster (node:net:2437:12)
    at node:net:2666:7
    at process.processTicksAndRejections (node:internal/process/task_queues:90:21)
Emitted 'error' event on Server instance at:
    at emitErrorNT (node:net:2416:8)
    at process.processTicksAndRejections (node:internal/process/task_queues:90:21) {
  code: 'EADDRINUSE',
  errno: -98,
  syscall: 'listen',
  address: '0.0.0.0',
  port: 7238
}

Node.js v26.8.2
node:events:505
    throw er; // Unhandled 'error' event
    ^

Error: listen EADDRINUSE: address already in use 0.0.0.0:7239
    at Server.setupListenHandle [as _listen2] (node:net:2328:16)
    at listenInCluster (node:net:2437:12)
    at node:net:2666:7
    at process.processTicksAndRejections (node:internal/process/task_queues:90:21)
Emitted 'error' event on Server instance at:
    at emitErrorNT (node:net:2416:8)
    at process.processTicksAndRejections (node:internal/process/task_queues:90:21) {
  code: 'EADDRINUSE',
  errno: -98,
  syscall: 'listen',
  address: '0.0.0.0',
  port: 7239
}

Node.js v26.8.2
node:events:505
    throw er; // Unhandled 'error' event
    ^

Error: listen EADDRINUSE: address already in use 0.0.0.0:7240
    at Server.setupListenHandle [as _listen2] (node:net:2328:16)
    at listenInCluster (node:net:2437:12)
    at node:net:2666:7
    at process.processTicksAndRejections (node:internal/process/task_queues:90:21)
Emitted 'error' event on Server instance at:
    at emitErrorNT (node:net:2416:8)
    at process.processTicksAndRejections (node:internal/process/task_queues:90:21) {
  code: 'EADDRINUSE',
  errno: -98,
  syscall: 'listen',
  address: '0.0.0.0',
  port: 7240
}

Node.js v26.8.2
node:events:505
    throw er; // Unhandled 'error' event
    ^

Error: listen EADDRINUSE: address already in use 0.0.0.0:7241
    at Server.setupListenHandle [as _listen2] (node:net:2328:16)
    at listenInCluster (node:net:2437:12)
    at node:net:2666:7
    at process.processTicksAndRejections (node:internal/process/task_queues:90:21)
Emitted 'error' event on Server instance at:
    at emitErrorNT (node:net:2416:8)
    at process.processTicksAndRejections (node:internal/process/task_queues:90:21) {
  code: 'EADDRINUSE',
  errno: -98,
  syscall: 'listen',
  address: '0.0.0.0',
  port: 7241
}

Node.js v26.8.2
node:events:505
    throw er; // Unhandled 'error' event
    ^

Error: listen EADDRINUSE: address already in use 0.0.0.0:7242
    at Server.setupListenHandle [as _listen2] (node:net:2328:16)
    at listenInCluster (node:net:2437:12)
    at node:net:2666:7
    at process.processTicksAndRejections (node:internal/process/task_queues:90:21)
Emitted 'error' event on Server instance at:
    at emitErrorNT (node:net:2416:8)
    at process.processTicksAndRejections (node:internal/process/task_queues:90:21) {
  code: 'EADDRINUSE',
  errno: -98,
  syscall: 'listen',
  address: '0.0.0.0',
  port: 7242
}

Node.js v26.8.2
node:events:505
    throw er; // Unhandled 'error' event
    ^

Error: listen EADDRINUSE: address already in use 0.0.0.0:7243
    at Server.setupListenHandle [as _listen2] (node:net:2328:16)
    at listenInCluster (node:net:2437:12)
    at node:net:2666:7
    at process.processTicksAndRejections (node:internal/process/task_queues:90:21)
Emitted 'error' event on Server instance at:
    at emitErrorNT (node:net:2416:8)
    at process.processTicksAndRejections (node:internal/process/task_queues:90:21) {
  code: 'EADDRINUSE',
  errno: -98,
  syscall: 'listen',
  address: '0.0.0.0',
  port: 7243
}

Node.js v26.8.2
node:events:505
    throw er; // Unhandled 'error' event
    ^

Error: listen EADDRINUSE: address already in use 0.0.0.0:7244
    at Server.setupListenHandle [as _listen2] (node:net:2328:16)
    at listenInCluster (node:net:2437:12)
    at node:net:2666:7
    at process.processTicksAndRejections (node:internal/process/task_queues:90:21)
Emitted 'error' event on Server instance at:
    at emitErrorNT (node:net:2416:8)
    at process.processTicksAndRejections (node:internal/process/task_queues:90:21) {
  code: 'EADDRINUSE',
  errno: -98,
  syscall: 'listen',
  address: '0.0.0.0',
  port: 7244
}

Node.js v26.8.2
node:events:505
    throw er; // Unhandled 'error' event
    ^

Error: listen EADDRINUSE: address already in use 0.0.0.0:7245
    at Server.setupListenHandle [as _listen2] (node:net:2328:16)
    at listenInCluster (node:net:2437:12)
    at node:net:2666:7
    at process.processTicksAndRejections (node:internal/process/task_queues:90:21)
Emitted 'error' event on Server instance at:
    at emitErrorNT (node:net:2416:8)
    at process.processTicksAndRejections (node:internal/process/task_queues:90:21) {
  code: 'EADDRINUSE',
  errno: -98,
  syscall: 'listen',
  address: '0.0.0.0',
  port: 7245
}

Node.js v26.8.2
node:events:505
    throw er; // Unhandled 'error' event
    ^

Error: listen EADDRINUSE: address already in use 0.0.0.0:7246
    at Server.setupListenHandle [as _listen2] (node:net:2328:16)
    at listenInCluster (node:net:2437:12)
    at node:net:2666:7
    at process.processTicksAndRejections (node:internal/process/task_queues:90:21)
Emitted 'error' event on Server instance at:
    at emitErrorNT (node:net:2416:8)
    at process.processTicksAndRejections (node:internal/process/task_queues:90:21) {
  code: 'EADDRINUSE',
  errno: -98,
  syscall: 'listen',
  address: '0.0.0.0',
  port: 7246
}

Node.js v26.8.2
node:events:505
    throw er; // Unhandled 'error' event
    ^

Error: listen EADDRINUSE: address already in use 0.0.0.0:7247
    at Server.setupListenHandle [as _listen2] (node:net:2328:16)
    at listenInCluster (node:net:2437:12)
    at node:net:2666:7
    at process.processTicksAndRejections (node:internal/process/task_queues:90:21)
Emitted 'error' event on Server instance at:
    at emitErrorNT (node:net:2416:8)
    at process.processTicksAndRejections (node:internal/process/task_queues:90:21) {
  code: 'EADDRINUSE',
  errno: -98,
  syscall: 'listen',
  address: '0.0.0.0',
  port: 7247
}

Node.js v26.8.2
node:events:505
    throw er; // Unhandled 'error' event
    ^

Error: listen EADDRINUSE: address already in use 0.0.0.0:7248
    at Server.setupListenHandle [as _listen2] (node:net:2328:16)
    at listenInCluster (node:net:2437:12)
    at node:net:2666:7
    at process.processTicksAndRejections (node:internal/process/task_queues:90:21)
Emitted 'error' event on Server instance at:
    at emitErrorNT (node:net:2416:8)
    at process.processTicksAndRejections (node:internal/process/task_queues:90:21) {
  code: 'EADDRINUSE',
  errno: -98,
  syscall: 'listen',
  address: '0.0.0.0',
  port: 7248
}

Node.js v26.8.2
node:events:505
    throw er; // Unhandled 'error' event
    ^

Error: listen EADDRINUSE: address already in use 0.0.0.0:7249
    at Server.setupListenHandle [as _listen2] (node:net:2328:16)
    at listenInCluster (node:net:2437:12)
    at node:net:2666:7
    at process.processTicksAndRejections (node:internal/process/task_queues:90:21)
Emitted 'error' event on Server instance at:
    at emitErrorNT (node:net:2416:8)
    at process.processTicksAndRejections (node:internal/process/task_queues:90:21) {
  code: 'EADDRINUSE',
  errno: -98,
  syscall: 'listen',
  address: '0.0.0.0',
  port: 7249
}

Node.js v26.8.2
node:events:505
    throw er; // Unhandled 'error' event
    ^

Error: listen EADDRINUSE: address already in use 0.0.0.0:7250
    at Server.setupListenHandle [as _listen2] (node:net:2328:16)
    at listenInCluster (node:net:2437:12)
    at node:net:2666:7
    at process.processTicksAndRejections (node:internal/process/task_queues:90:21)
Emitted 'error' event on Server instance at:
    at emitErrorNT (node:net:2416:8)
    at process.processTicksAndRejections (node:internal/process/task_queues:90:21) {
  code: 'EADDRINUSE',
  errno: -98,
  syscall: 'listen',
  address: '0.0.0.0',
  port: 7250
}

Node.js v26.8.2
node:events:505
    throw er; // Unhandled 'error' event
    ^

Error: listen EADDRINUSE: address already in use 0.0.0.0:7251
    at Server.setupListenHandle [as _listen2] (node:net:2328:16)
    at listenInCluster (node:net:2437:12)
    at node:net:2666:7
    at process.processTicksAndRejections (node:internal/process/task_queues:90:21)
Emitted 'error' event on Server instance at:
    at emitErrorNT (node:net:2416:8)
    at process.processTicksAndRejections (node:internal/process/task_queues:90:21) {
  code: 'EADDRINUSE',
  errno: -98,
  syscall: 'listen',
  address: '0.0.0.0',
  port: 7251
}

Node.js v26.8.2
node:events:505
    throw er; // Unhandled 'error' event
    ^

Error: listen EADDRINUSE: address already in use 0.0.0.0:7252
    at Server.setupListenHandle [as _listen2] (node:net:2328:16)
    at listenInCluster (node:net:2437:12)
    at node:net:2666:7
    at process.processTicksAndRejections (node:internal/process/task_queues:90:21)
Emitted 'error' event on Server instance at:
    at emitErrorNT (node:net:2416:8)
    at process.processTicksAndRejections (node:internal/process/task_queues:90:21) {
  code: 'EADDRINUSE',
  errno: -98,
  syscall: 'listen',
  address: '0.0.0.0',
  port: 7252
}

Node.js v26.8.2
node:events:505
    throw er; // Unhandled 'error' event
    ^

Error: listen EADDRINUSE: address already in use 0.0.0.0:7253
    at Server.setupListenHandle [as _listen2] (node:net:2328:16)
    at listenInCluster (node:net:2437:12)
    at node:net:2666:7
    at process.processTicksAndRejections (node:internal/process/task_queues:90:21)
Emitted 'error' event on Server instance at:
    at emitErrorNT (node:net:2416:8)
    at process.processTicksAndRejections (node:internal/process/task_queues:90:21) {
  code: 'EADDRINUSE',
  errno: -98,
  syscall: 'listen',
  address: '0.0.0.0',
  port: 7253
}

Node.js v26.8.2
node:events:505
    throw er; // Unhandled 'error' event
    ^

Error: listen EADDRINUSE: address already in use 0.0.0.0:7231
    at Server.setupListenHandle [as _listen2] (node:net:2328:16)
    at listenInCluster (node:net:2437:12)
    at node:net:2666:7
    at process.processTicksAndRejections (node:internal/process/task_queues:90:21)
Emitted 'error' event on Server instance at:
    at emitErrorNT (node:net:2416:8)
    at process.processTicksAndRejections (node:internal/process/task_queues:90:21) {
  code: 'EADDRINUSE',
  errno: -98,
  syscall: 'listen',
  address: '0.0.0.0',
  port: 7231
}

Node.js v26.8.2
node:events:505
    throw er; // Unhandled 'error' event
    ^

Error: listen EADDRINUSE: address already in use 0.0.0.0:7232
    at Server.setupListenHandle [as _listen2] (node:net:2328:16)
    at listenInCluster (node:net:2437:12)
    at node:net:2666:7
    at process.processTicksAndRejections (node:internal/process/task_queues:90:21)
Emitted 'error' event on Server instance at:
    at emitErrorNT (node:net:2416:8)
    at process.processTicksAndRejections (node:internal/process/task_queues:90:21) {
  code: 'EADDRINUSE',
  errno: -98,
  syscall: 'listen',
  address: '0.0.0.0',
  port: 7232
}

Node.js v26.8.2
node:events:505
    throw er; // Unhandled 'error' event
    ^

Error: listen EADDRINUSE: address already in use 0.0.0.0:7233
    at Server.setupListenHandle [as _listen2] (node:net:2328:16)
    at listenInCluster (node:net:2437:12)
    at node:net:2666:7
    at process.processTicksAndRejections (node:internal/process/task_queues:90:21)
Emitted 'error' event on Server instance at:
    at emitErrorNT (node:net:2416:8)
    at process.processTicksAndRejections (node:internal/process/task_queues:90:21) {
  code: 'EADDRINUSE',
  errno: -98,
  syscall: 'listen',
  address: '0.0.0.0',
  port: 7233
}

Node.js v26.8.2
node:events:505
    throw er; // Unhandled 'error' event
    ^

Error: listen EADDRINUSE: address already in use 0.0.0.0:7234
    at Server.setupListenHandle [as _listen2] (node:net:2328:16)
    at listenInCluster (node:net:2437:12)
    at node:net:2666:7
    at process.processTicksAndRejections (node:internal/process/task_queues:90:21)
Emitted 'error' event on Server instance at:
    at emitErrorNT (node:net:2416:8)
    at process.processTicksAndRejections (node:internal/process/task_queues:90:21) {
  code: 'EADDRINUSE',
  errno: -98,
  syscall: 'listen',
  address: '0.0.0.0',
  port: 7234
}

Node.js v26.8.2
node:events:505
    throw er; // Unhandled 'error' event
    ^

Error: listen EADDRINUSE: address already in use 0.0.0.0:7235
    at Server.setupListenHandle [as _listen2] (node:net:2328:16)
    at listenInCluster (node:net:2437:12)
    at node:net:2666:7
    at process.processTicksAndRejections (node:internal/process/task_queues:90:21)
Emitted 'error' event on Server instance at:
    at emitErrorNT (node:net:2416:8)
    at process.processTicksAndRejections (node:internal/process/task_queues:90:21) {
  code: 'EADDRINUSE',
  errno: -98,
  syscall: 'listen',
  address: '0.0.0.0',
  port: 7235
}

Node.js v26.8.2
node:events:505
    throw er; // Unhandled 'error' event
    ^

Error: listen EADDRINUSE: address already in use 0.0.0.0:7236
    at Server.setupListenHandle [as _listen2] (node:net:2328:16)
    at listenInCluster (node:net:2437:12)
    at node:net:2666:7
    at process.processTicksAndRejections (node:internal/process/task_queues:90:21)
Emitted 'error' event on Server instance at:
    at emitErrorNT (node:net:2416:8)
    at process.processTicksAndRejections (node:internal/process/task_queues:90:21) {
  code: 'EADDRINUSE',
  errno: -98,
  syscall: 'listen',
  address: '0.0.0.0',
  port: 7236
}

Node.js v26.8.2
node:events:505
    throw er; // Unhandled 'error' event
    ^

Error: listen EADDRINUSE: address already in use 0.0.0.0:7237
    at Server.setupListenHandle [as _listen2] (node:net:2328:16)
    at listenInCluster (node:net:2437:12)
    at node:net:2666:7
    at process.processTicksAndRejections (node:internal/process/task_queues:90:21)
Emitted 'error' event on Server instance at:
    at emitErrorNT (node:net:2416:8)
    at process.processTicksAndRejections (node:internal/process/task_queues:90:21) {
  code: 'EADDRINUSE',
  errno: -98,
  syscall: 'listen',
  address: '0.0.0.0',
  port: 7237
}

Node.js v26.8.2
node:events:505
    throw er; // Unhandled 'error' event
    ^

Error: listen EADDRINUSE: address already in use 0.0.0.0:7238
    at Server.setupListenHandle [as _listen2] (node:net:2328:16)
    at listenInCluster (node:net:2437:12)
    at node:net:2666:7
    at process.processTicksAndRejections (node:internal/process/task_queues:90:21)
Emitted 'error' event on Server instance at:
    at emitErrorNT (node:net:2416:8)
    at process.processTicksAndRejections (node:internal/process/task_queues:90:21) {
  code: 'EADDRINUSE',
  errno: -98,
  syscall: 'listen',
  address: '0.0.0.0',
  port: 7238
}

Node.js v26.8.2
node:events:505
    throw er; // Unhandled 'error' event
    ^

Error: listen EADDRINUSE: address already in use 0.0.0.0:7239
    at Server.setupListenHandle [as _listen2] (node:net:2328:16)
    at listenInCluster (node:net:2437:12)
    at node:net:2666:7
    at process.processTicksAndRejections (node:internal/process/task_queues:90:21)
Emitted 'error' event on Server instance at:
    at emitErrorNT (node:net:2416:8)
    at process.processTicksAndRejections (node:internal/process/task_queues:90:21) {
  code: 'EADDRINUSE',
  errno: -98,
  syscall: 'listen',
  address: '0.0.0.0',
  port: 7239
}

Node.js v26.8.2
node:events:505
    throw er; // Unhandled 'error' event
    ^

Error: listen EADDRINUSE: address already in use 0.0.0.0:7240
    at Server.setupListenHandle [as _listen2] (node:net:2328:16)
    at listenInCluster (node:net:2437:12)
    at node:net:2666:7
    at process.processTicksAndRejections (node:internal/process/task_queues:90:21)
Emitted 'error' event on Server instance at:
    at emitErrorNT (node:net:2416:8)
    at process.processTicksAndRejections (node:internal/process/task_queues:90:21) {
  code: 'EADDRINUSE',
  errno: -98,
  syscall: 'listen',
  address: '0.0.0.0',
  port: 7240
}

Node.js v26.8.2
node:events:505
    throw er; // Unhandled 'error' event
    ^

Error: listen EADDRINUSE: address already in use 0.0.0.0:7241
    at Server.setupListenHandle [as _listen2] (node:net:2328:16)
    at listenInCluster (node:net:2437:12)
    at node:net:2666:7
    at process.processTicksAndRejections (node:internal/process/task_queues:90:21)
Emitted 'error' event on Server instance at:
    at emitErrorNT (node:net:2416:8)
    at process.processTicksAndRejections (node:internal/process/task_queues:90:21) {
  code: 'EADDRINUSE',
  errno: -98,
  syscall: 'listen',
  address: '0.0.0.0',
  port: 7241
}

Node.js v26.8.2
node:events:505
    throw er; // Unhandled 'error' event
    ^

Error: listen EADDRINUSE: address already in use 0.0.0.0:7242
    at Server.setupListenHandle [as _listen2] (node:net:2328:16)
    at listenInCluster (node:net:2437:12)
    at node:net:2666:7
    at process.processTicksAndRejections (node:internal/process/task_queues:90:21)
Emitted 'error' event on Server instance at:
    at emitErrorNT (node:net:2416:8)
    at process.processTicksAndRejections (node:internal/process/task_queues:90:21) {
  code: 'EADDRINUSE',
  errno: -98,
  syscall: 'listen',
  address: '0.0.0.0',
  port: 7242
}

Node.js v26.8.2
node:events:505
    throw er; // Unhandled 'error' event
    ^

Error: listen EADDRINUSE: address already in use 0.0.0.0:7243
    at Server.setupListenHandle [as _listen2] (node:net:2328:16)
    at listenInCluster (node:net:2437:12)
    at node:net:2666:7
    at process.processTicksAndRejections (node:internal/process/task_queues:90:21)
Emitted 'error' event on Server instance at:
    at emitErrorNT (node:net:2416:8)
    at process.processTicksAndRejections (node:internal/process/task_queues:90:21) {
  code: 'EADDRINUSE',
  errno: -98,
  syscall: 'listen',
  address: '0.0.0.0',
  port: 7243
}

Node.js v26.8.2
node:events:505
    throw er; // Unhandled 'error' event
    ^

Error: listen EADDRINUSE: address already in use 0.0.0.0:7244
    at Server.setupListenHandle [as _listen2] (node:net:2328:16)
    at listenInCluster (node:net:2437:12)
    at node:net:2666:7
    at process.processTicksAndRejections (node:internal/process/task_queues:90:21)
Emitted 'error' event on Server instance at:
    at emitErrorNT (node:net:2416:8)
    at process.processTicksAndRejections (node:internal/process/task_queues:90:21) {
  code: 'EADDRINUSE',
  errno: -98,
  syscall: 'listen',
  address: '0.0.0.0',
  port: 7244
}

Node.js v26.8.2
node:events:505
    throw er; // Unhandled 'error' event
    ^

Error: listen EADDRINUSE: address already in use 0.0.0.0:7245
    at Server.setupListenHandle [as _listen2] (node:net:2328:16)
    at listenInCluster (node:net:2437:12)
    at node:net:2666:7
    at process.processTicksAndRejections (node:internal/process/task_queues:90:21)
Emitted 'error' event on Server instance at:
    at emitErrorNT (node:net:2416:8)
    at process.processTicksAndRejections (node:internal/process/task_queues:90:21) {
  code: 'EADDRINUSE',
  errno: -98,
  syscall: 'listen',
  address: '0.0.0.0',
  port: 7245
}

Node.js v26.8.2
node:events:505
    throw er; // Unhandled 'error' event
    ^

Error: listen EADDRINUSE: address already in use 0.0.0.0:7246
    at Server.setupListenHandle [as _listen2] (node:net:2328:16)
    at listenInCluster (node:net:2437:12)
    at node:net:2666:7
    at process.processTicksAndRejections (node:internal/process/task_queues:90:21)
Emitted 'error' event on Server instance at:
    at emitErrorNT (node:net:2416:8)
    at process.processTicksAndRejections (node:internal/process/task_queues:90:21) {
  code: 'EADDRINUSE',
  errno: -98,
  syscall: 'listen',
  address: '0.0.0.0',
  port: 7246
}

Node.js v26.8.2
node:events:505
    throw er; // Unhandled 'error' event
    ^

Error: listen EADDRINUSE: address already in use 0.0.0.0:7247
    at Server.setupListenHandle [as _listen2] (node:net:2328:16)
    at listenInCluster (node:net:2437:12)
    at node:net:2666:7
    at process.processTicksAndRejections (node:internal/process/task_queues:90:21)
Emitted 'error' event on Server instance at:
    at emitErrorNT (node:net:2416:8)
    at process.processTicksAndRejections (node:internal/process/task_queues:90:21) {
  code: 'EADDRINUSE',
  errno: -98,
  syscall: 'listen',
  address: '0.0.0.0',
  port: 7247
}

Node.js v26.8.2
node:events:505
    throw er; // Unhandled 'error' event
    ^

Error: listen EADDRINUSE: address already in use 0.0.0.0:7248
    at Server.setupListenHandle [as _listen2] (node:net:2328:16)
    at listenInCluster (node:net:2437:12)
    at node:net:2666:7
    at process.processTicksAndRejections (node:internal/process/task_queues:90:21)
Emitted 'error' event on Server instance at:
    at emitErrorNT (node:net:2416:8)
    at process.processTicksAndRejections (node:internal/process/task_queues:90:21) {
  code: 'EADDRINUSE',
  errno: -98,
  syscall: 'listen',
  address: '0.0.0.0',
  port: 7248
}

Node.js v26.8.2
node:events:505
    throw er; // Unhandled 'error' event
    ^

Error: listen EADDRINUSE: address already in use 0.0.0.0:7249
    at Server.setupListenHandle [as _listen2] (node:net:2328:16)
    at listenInCluster (node:net:2437:12)
    at node:net:2666:7
    at process.processTicksAndRejections (node:internal/process/task_queues:90:21)
Emitted 'error' event on Server instance at:
    at emitErrorNT (node:net:2416:8)
    at process.processTicksAndRejections (node:internal/process/task_queues:90:21) {
  code: 'EADDRINUSE',
  errno: -98,
  syscall: 'listen',
  address: '0.0.0.0',
  port: 7249
}

Node.js v26.8.2
node:events:505
    throw er; // Unhandled 'error' event
    ^

Error: listen EADDRINUSE: address already in use 0.0.0.0:7250
    at Server.setupListenHandle [as _listen2] (node:net:2328:16)
    at listenInCluster (node:net:2437:12)
    at node:net:2666:7
    at process.processTicksAndRejections (node:internal/process/task_queues:90:21)
Emitted 'error' event on Server instance at:
    at emitErrorNT (node:net:2416:8)
    at process.processTicksAndRejections (node:internal/process/task_queues:90:21) {
  code: 'EADDRINUSE',
  errno: -98,
  syscall: 'listen',
  address: '0.0.0.0',
  port: 7250
}

Node.js v26.8.2
node:events:505
    throw er; // Unhandled 'error' event
    ^

Error: listen EADDRINUSE: address already in use 0.0.0.0:7251
    at Server.setupListenHandle [as _listen2] (node:net:2328:16)
    at listenInCluster (node:net:2437:12)
    at node:net:2666:7
    at process.processTicksAndRejections (node:internal/process/task_queues:90:21)
Emitted 'error' event on Server instance at:
    at emitErrorNT (node:net:2416:8)
    at process.processTicksAndRejections (node:internal/process/task_queues:90:21) {
  code: 'EADDRINUSE',
  errno: -98,
  syscall: 'listen',
  address: '0.0.0.0',
  port: 7251
}

Node.js v26.8.2
node:events:505
    throw er; // Unhandled 'error' event
    ^

Error: listen EADDRINUSE: address already in use 0.0.0.0:7252
    at Server.setupListenHandle [as _listen2] (node:net:2328:16)
    at listenInCluster (node:net:2437:12)
    at node:net:2666:7
    at process.processTicksAndRejections (node:internal/process/task_queues:90:21)
Emitted 'error' event on Server instance at:
    at emitErrorNT (node:net:2416:8)
    at process.processTicksAndRejections (node:internal/process/task_queues:90:21) {
  code: 'EADDRINUSE',
  errno: -98,
  syscall: 'listen',
  address: '0.0.0.0',
  port: 7252
}

Node.js v26.8.2
node:events:505
    throw er; // Unhandled 'error' event
    ^

Error: listen EADDRINUSE: address already in use 0.0.0.0:7253
    at Server.setupListenHandle [as _listen2] (node:net:2328:16)
    at listenInCluster (node:net:2437:12)
    at node:net:2666:7
    at process.processTicksAndRejections (node:internal/process/task_queues:90:21)
Emitted 'error' event on Server instance at:
    at emitErrorNT (node:net:2416:8)
    at process.processTicksAndRejections (node:internal/process/task_queues:90:21) {
  code: 'EADDRINUSE',
  errno: -98,
  syscall: 'listen',
  address: '0.0.0.0',
  port: 7253
}

Node.js v26.8.2
node:events:505
    throw er; // Unhandled 'error' event
    ^

Error: listen EADDRINUSE: address already in use 0.0.0.0:7231
    at Server.setupListenHandle [as _listen2] (node:net:2328:16)
    at listenInCluster (node:net:2437:12)
    at node:net:2666:7
    at process.processTicksAndRejections (node:internal/process/task_queues:90:21)
Emitted 'error' event on Server instance at:
    at emitErrorNT (node:net:2416:8)
    at process.processTicksAndRejections (node:internal/process/task_queues:90:21) {
  code: 'EADDRINUSE',
  errno: -98,
  syscall: 'listen',
  address: '0.0.0.0',
  port: 7231
}

Node.js v26.8.2
node:events:505
    throw er; // Unhandled 'error' event
    ^

Error: listen EADDRINUSE: address already in use 0.0.0.0:7232
    at Server.setupListenHandle [as _listen2] (node:net:2328:16)
    at listenInCluster (node:net:2437:12)
    at node:net:2666:7
    at process.processTicksAndRejections (node:internal/process/task_queues:90:21)
Emitted 'error' event on Server instance at:
    at emitErrorNT (node:net:2416:8)
    at process.processTicksAndRejections (node:internal/process/task_queues:90:21) {
  code: 'EADDRINUSE',
  errno: -98,
  syscall: 'listen',
  address: '0.0.0.0',
  port: 7232
}

Node.js v26.8.2
node:events:505
    throw er; // Unhandled 'error' event
    ^

Error: listen EADDRINUSE: address already in use 0.0.0.0:7233
    at Server.setupListenHandle [as _listen2] (node:net:2328:16)
    at listenInCluster (node:net:2437:12)
    at node:net:2666:7
    at process.processTicksAndRejections (node:internal/process/task_queues:90:21)
Emitted 'error' event on Server instance at:
    at emitErrorNT (node:net:2416:8)
    at process.processTicksAndRejections (node:internal/process/task_queues:90:21) {
  code: 'EADDRINUSE',
  errno: -98,
  syscall: 'listen',
  address: '0.0.0.0',
  port: 7233
}

Node.js v26.8.2
node:events:505
    throw er; // Unhandled 'error' event
    ^

Error: listen EADDRINUSE: address already in use 0.0.0.0:7234
    at Server.setupListenHandle [as _listen2] (node:net:2328:16)
    at listenInCluster (node:net:2437:12)
    at node:net:2666:7
    at process.processTicksAndRejections (node:internal/process/task_queues:90:21)
Emitted 'error' event on Server instance at:
    at emitErrorNT (node:net:2416:8)
    at process.processTicksAndRejections (node:internal/process/task_queues:90:21) {
  code: 'EADDRINUSE',
  errno: -98,
  syscall: 'listen',
  address: '0.0.0.0',
  port: 7234
}

Node.js v26.8.2
node:events:505
    throw er; // Unhandled 'error' event
    ^

Error: listen EADDRINUSE: address already in use 0.0.0.0:7235
    at Server.setupListenHandle [as _listen2] (node:net:2328:16)
    at listenInCluster (node:net:2437:12)
    at node:net:2666:7
    at process.processTicksAndRejections (node:internal/process/task_queues:90:21)
Emitted 'error' event on Server instance at:
    at emitErrorNT (node:net:2416:8)
    at process.processTicksAndRejections (node:internal/process/task_queues:90:21) {
  code: 'EADDRINUSE',
  errno: -98,
  syscall: 'listen',
  address: '0.0.0.0',
  port: 7235
}

Node.js v26.8.2
node:events:505
    throw er; // Unhandled 'error' event
    ^

Error: listen EADDRINUSE: address already in use 0.0.0.0:7236
    at Server.setupListenHandle [as _listen2] (node:net:2328:16)
    at listenInCluster (node:net:2437:12)
    at node:net:2666:7
    at process.processTicksAndRejections (node:internal/process/task_queues:90:21)
Emitted 'error' event on Server instance at:
    at emitErrorNT (node:net:2416:8)
    at process.processTicksAndRejections (node:internal/process/task_queues:90:21) {
  code: 'EADDRINUSE',
  errno: -98,
  syscall: 'listen',
  address: '0.0.0.0',
  port: 7236
}

Node.js v26.8.2
node:events:505
    throw er; // Unhandled 'error' event
    ^

Error: listen EADDRINUSE: address already in use 0.0.0.0:7237
    at Server.setupListenHandle [as _listen2] (node:net:2328:16)
    at listenInCluster (node:net:2437:12)
    at node:net:2666:7
    at process.processTicksAndRejections (node:internal/process/task_queues:90:21)
Emitted 'error' event on Server instance at:
    at emitErrorNT (node:net:2416:8)
    at process.processTicksAndRejections (node:internal/process/task_queues:90:21) {
  code: 'EADDRINUSE',
  errno: -98,
  syscall: 'listen',
  address: '0.0.0.0',
  port: 7237
}

Node.js v26.8.2
node:events:505
    throw er; // Unhandled 'error' event
    ^

Error: listen EADDRINUSE: address already in use 0.0.0.0:7238
    at Server.setupListenHandle [as _listen2] (node:net:2328:16)
    at listenInCluster (node:net:2437:12)
    at node:net:2666:7
    at process.processTicksAndRejections (node:internal/process/task_queues:90:21)
Emitted 'error' event on Server instance at:
    at emitErrorNT (node:net:2416:8)
    at process.processTicksAndRejections (node:internal/process/task_queues:90:21) {
  code: 'EADDRINUSE',
  errno: -98,
  syscall: 'listen',
  address: '0.0.0.0',
  port: 7238
}

Node.js v26.8.2
node:events:505
    throw er; // Unhandled 'error' event
    ^

Error: listen EADDRINUSE: address already in use 0.0.0.0:7239
    at Server.setupListenHandle [as _listen2] (node:net:2328:16)
    at listenInCluster (node:net:2437:12)
    at node:net:2666:7
    at process.processTicksAndRejections (node:internal/process/task_queues:90:21)
Emitted 'error' event on Server instance at:
    at emitErrorNT (node:net:2416:8)
    at process.processTicksAndRejections (node:internal/process/task_queues:90:21) {
  code: 'EADDRINUSE',
  errno: -98,
  syscall: 'listen',
  address: '0.0.0.0',
  port: 7239
}

Node.js v26.8.2
node:events:505
    throw er; // Unhandled 'error' event
    ^

Error: listen EADDRINUSE: address already in use 0.0.0.0:7240
    at Server.setupListenHandle [as _listen2] (node:net:2328:16)
    at listenInCluster (node:net:2437:12)
    at node:net:2666:7
    at process.processTicksAndRejections (node:internal/process/task_queues:90:21)
Emitted 'error' event on Server instance at:
    at emitErrorNT (node:net:2416:8)
    at process.processTicksAndRejections (node:internal/process/task_queues:90:21) {
  code: 'EADDRINUSE',
  errno: -98,
  syscall: 'listen',
  address: '0.0.0.0',
  port: 7240
}

Node.js v26.8.2
node:events:505
    throw er; // Unhandled 'error' event
    ^

Error: listen EADDRINUSE: address already in use 0.0.0.0:7241
    at Server.setupListenHandle [as _listen2] (node:net:2328:16)
    at listenInCluster (node:net:2437:12)
    at node:net:2666:7
    at process.processTicksAndRejections (node:internal/process/task_queues:90:21)
Emitted 'error' event on Server instance at:
    at emitErrorNT (node:net:2416:8)
    at process.processTicksAndRejections (node:internal/process/task_queues:90:21) {
  code: 'EADDRINUSE',
  errno: -98,
  syscall: 'listen',
  address: '0.0.0.0',
  port: 7241
}

Node.js v26.8.2
node:events:505
    throw er; // Unhandled 'error' event
    ^

Error: listen EADDRINUSE: address already in use 0.0.0.0:7242
    at Server.setupListenHandle [as _listen2] (node:net:2328:16)
    at listenInCluster (node:net:2437:12)
    at node:net:2666:7
    at process.processTicksAndRejections (node:internal/process/task_queues:90:21)
Emitted 'error' event on Server instance at:
    at emitErrorNT (node:net:2416:8)
    at process.processTicksAndRejections (node:internal/process/task_queues:90:21) {
  code: 'EADDRINUSE',
  errno: -98,
  syscall: 'listen',
  address: '0.0.0.0',
  port: 7242
}

Node.js v26.8.2
node:events:505
    throw er; // Unhandled 'error' event
    ^

Error: listen EADDRINUSE: address already in use 0.0.0.0:7243
    at Server.setupListenHandle [as _listen2] (node:net:2328:16)
    at listenInCluster (node:net:2437:12)
    at node:net:2666:7
    at process.processTicksAndRejections (node:internal/process/task_queues:90:21)
Emitted 'error' event on Server instance at:
    at emitErrorNT (node:net:2416:8)
    at process.processTicksAndRejections (node:internal/process/task_queues:90:21) {
  code: 'EADDRINUSE',
  errno: -98,
  syscall: 'listen',
  address: '0.0.0.0',
  port: 7243
}

Node.js v26.8.2
node:events:505
    throw er; // Unhandled 'error' event
    ^

Error: listen EADDRINUSE: address already in use 0.0.0.0:7244
    at Server.setupListenHandle [as _listen2] (node:net:2328:16)
    at listenInCluster (node:net:2437:12)
    at node:net:2666:7
    at process.processTicksAndRejections (node:internal/process/task_queues:90:21)
Emitted 'error' event on Server instance at:
    at emitErrorNT (node:net:2416:8)
    at process.processTicksAndRejections (node:internal/process/task_queues:90:21) {
  code: 'EADDRINUSE',
  errno: -98,
  syscall: 'listen',
  address: '0.0.0.0',
  port: 7244
}

Node.js v26.8.2
node:events:505
    throw er; // Unhandled 'error' event
    ^

Error: listen EADDRINUSE: address already in use 0.0.0.0:7245
    at Server.setupListenHandle [as _listen2] (node:net:2328:16)
    at listenInCluster (node:net:2437:12)
    at node:net:2666:7
    at process.processTicksAndRejections (node:internal/process/task_queues:90:21)
Emitted 'error' event on Server instance at:
    at emitErrorNT (node:net:2416:8)
    at process.processTicksAndRejections (node:internal/process/task_queues:90:21) {
  code: 'EADDRINUSE',
  errno: -98,
  syscall: 'listen',
  address: '0.0.0.0',
  port: 7245
}

Node.js v26.8.2
node:events:505
    throw er; // Unhandled 'error' event
    ^

Error: listen EADDRINUSE: address already in use 0.0.0.0:7246
    at Server.setupListenHandle [as _listen2] (node:net:2328:16)
    at listenInCluster (node:net:2437:12)
    at node:net:2666:7
    at process.processTicksAndRejections (node:internal/process/task_queues:90:21)
Emitted 'error' event on Server instance at:
    at emitErrorNT (node:net:2416:8)
    at process.processTicksAndRejections (node:internal/process/task_queues:90:21) {
  code: 'EADDRINUSE',
  errno: -98,
  syscall: 'listen',
  address: '0.0.0.0',
  port: 7246
}

Node.js v26.8.2
node:events:505
    throw er; // Unhandled 'error' event
    ^

Error: listen EADDRINUSE: address already in use 0.0.0.0:7247
    at Server.setupListenHandle [as _listen2] (node:net:2328:16)
    at listenInCluster (node:net:2437:12)
    at node:net:2666:7
    at process.processTicksAndRejections (node:internal/process/task_queues:90:21)
Emitted 'error' event on Server instance at:
    at emitErrorNT (node:net:2416:8)
    at process.processTicksAndRejections (node:internal/process/task_queues:90:21) {
  code: 'EADDRINUSE',
  errno: -98,
  syscall: 'listen',
  address: '0.0.0.0',
  port: 7247
}

Node.js v26.8.2
node:events:505
    throw er; // Unhandled 'error' event
    ^

Error: listen EADDRINUSE: address already in use 0.0.0.0:7248
    at Server.setupListenHandle [as _listen2] (node:net:2328:16)
    at listenInCluster (node:net:2437:12)
    at node:net:2666:7
    at process.processTicksAndRejections (node:internal/process/task_queues:90:21)
Emitted 'error' event on Server instance at:
    at emitErrorNT (node:net:2416:8)
    at process.processTicksAndRejections (node:internal/process/task_queues:90:21) {
  code: 'EADDRINUSE',
  errno: -98,
  syscall: 'listen',
  address: '0.0.0.0',
  port: 7248
}

Node.js v26.8.2
node:events:505
    throw er; // Unhandled 'error' event
    ^

Error: listen EADDRINUSE: address already in use 0.0.0.0:7249
    at Server.setupListenHandle [as _listen2] (node:net:2328:16)
    at listenInCluster (node:net:2437:12)
    at node:net:2666:7
    at process.processTicksAndRejections (node:internal/process/task_queues:90:21)
Emitted 'error' event on Server instance at:
    at emitErrorNT (node:net:2416:8)
    at process.processTicksAndRejections (node:internal/process/task_queues:90:21) {
  code: 'EADDRINUSE',
  errno: -98,
  syscall: 'listen',
  address: '0.0.0.0',
  port: 7249
}

Node.js v26.8.2
node:events:505
    throw er; // Unhandled 'error' event
    ^

Error: listen EADDRINUSE: address already in use 0.0.0.0:7250
    at Server.setupListenHandle [as _listen2] (node:net:2328:16)
    at listenInCluster (node:net:2437:12)
    at node:net:2666:7
    at process.processTicksAndRejections (node:internal/process/task_queues:90:21)
Emitted 'error' event on Server instance at:
    at emitErrorNT (node:net:2416:8)
    at process.processTicksAndRejections (node:internal/process/task_queues:90:21) {
  code: 'EADDRINUSE',
  errno: -98,
  syscall: 'listen',
  address: '0.0.0.0',
  port: 7250
}

Node.js v26.8.2
node:events:505
    throw er; // Unhandled 'error' event
    ^

Error: listen EADDRINUSE: address already in use 0.0.0.0:7251
    at Server.setupListenHandle [as _listen2] (node:net:2328:16)
    at listenInCluster (node:net:2437:12)
    at node:net:2666:7
    at process.processTicksAndRejections (node:internal/process/task_queues:90:21)
Emitted 'error' event on Server instance at:
    at emitErrorNT (node:net:2416:8)
    at process.processTicksAndRejections (node:internal/process/task_queues:90:21) {
  code: 'EADDRINUSE',
  errno: -98,
  syscall: 'listen',
  address: '0.0.0.0',
  port: 7251
}

Node.js v26.8.2
node:events:505
    throw er; // Unhandled 'error' event
    ^

Error: listen EADDRINUSE: address already in use 0.0.0.0:7252
    at Server.setupListenHandle [as _listen2] (node:net:2328:16)
    at listenInCluster (node:net:2437:12)
    at node:net:2666:7
    at process.processTicksAndRejections (node:internal/process/task_queues:90:21)
Emitted 'error' event on Server instance at:
    at emitErrorNT (node:net:2416:8)
    at process.processTicksAndRejections (node:internal/process/task_queues:90:21) {
  code: 'EADDRINUSE',
  errno: -98,
  syscall: 'listen',
  address: '0.0.0.0',
  port: 7252
}

Node.js v26.8.2
node:events:505
    throw er; // Unhandled 'error' event
    ^

Error: listen EADDRINUSE: address already in use 0.0.0.0:7253
    at Server.setupListenHandle [as _listen2] (node:net:2328:16)
    at listenInCluster (node:net:2437:12)
    at node:net:2666:7
    at process.processTicksAndRejections (node:internal/process/task_queues:90:21)
Emitted 'error' event on Server instance at:
    at emitErrorNT (node:net:2416:8)
    at process.processTicksAndRejections (node:internal/process/task_queues:90:21) {
  code: 'EADDRINUSE',
  errno: -98,
  syscall: 'listen',
  address: '0.0.0.0',
  port: 7253
}

Node.js v26.8.2
node:events:505
    throw er; // Unhandled 'error' event
    ^

Error: listen EADDRINUSE: address already in use 0.0.0.0:7231
    at Server.setupListenHandle [as _listen2] (node:net:2328:16)
    at listenInCluster (node:net:2437:12)
    at node:net:2666:7
    at process.processTicksAndRejections (node:internal/process/task_queues:90:21)
Emitted 'error' event on Server instance at:
    at emitErrorNT (node:net:2416:8)
    at process.processTicksAndRejections (node:internal/process/task_queues:90:21) {
  code: 'EADDRINUSE',
  errno: -98,
  syscall: 'listen',
  address: '0.0.0.0',
  port: 7231
}

Node.js v26.8.2
node:events:505
    throw er; // Unhandled 'error' event
    ^

Error: listen EADDRINUSE: address already in use 0.0.0.0:7232
    at Server.setupListenHandle [as _listen2] (node:net:2328:16)
    at listenInCluster (node:net:2437:12)
    at node:net:2666:7
    at process.processTicksAndRejections (node:internal/process/task_queues:90:21)
Emitted 'error' event on Server instance at:
    at emitErrorNT (node:net:2416:8)
    at process.processTicksAndRejections (node:internal/process/task_queues:90:21) {
  code: 'EADDRINUSE',
  errno: -98,
  syscall: 'listen',
  address: '0.0.0.0',
  port: 7232
}

Node.js v26.8.2
node:events:505
    throw er; // Unhandled 'error' event
    ^

Error: listen EADDRINUSE: address already in use 0.0.0.0:7233
    at Server.setupListenHandle [as _listen2] (node:net:2328:16)
    at listenInCluster (node:net:2437:12)
    at node:net:2666:7
    at process.processTicksAndRejections (node:internal/process/task_queues:90:21)
Emitted 'error' event on Server instance at:
    at emitErrorNT (node:net:2416:8)
    at process.processTicksAndRejections (node:internal/process/task_queues:90:21) {
  code: 'EADDRINUSE',
  errno: -98,
  syscall: 'listen',
  address: '0.0.0.0',
  port: 7233
}

Node.js v26.8.2
node:events:505
    throw er; // Unhandled 'error' event
    ^

Error: listen EADDRINUSE: address already in use 0.0.0.0:7234
    at Server.setupListenHandle [as _listen2] (node:net:2328:16)
    at listenInCluster (node:net:2437:12)
    at node:net:2666:7
    at process.processTicksAndRejections (node:internal/process/task_queues:90:21)
Emitted 'error' event on Server instance at:
    at emitErrorNT (node:net:2416:8)
    at process.processTicksAndRejections (node:internal/process/task_queues:90:21) {
  code: 'EADDRINUSE',
  errno: -98,
  syscall: 'listen',
  address: '0.0.0.0',
  port: 7234
}

Node.js v26.8.2
node:events:505
    throw er; // Unhandled 'error' event
    ^

Error: listen EADDRINUSE: address already in use 0.0.0.0:7235
    at Server.setupListenHandle [as _listen2] (node:net:2328:16)
    at listenInCluster (node:net:2437:12)
    at node:net:2666:7
    at process.processTicksAndRejections (node:internal/process/task_queues:90:21)
Emitted 'error' event on Server instance at:
    at emitErrorNT (node:net:2416:8)
    at process.processTicksAndRejections (node:internal/process/task_queues:90:21) {
  code: 'EADDRINUSE',
  errno: -98,
  syscall: 'listen',
  address: '0.0.0.0',
  port: 7235
}

Node.js v26.8.2
node:events:505
    throw er; // Unhandled 'error' event
    ^

Error: listen EADDRINUSE: address already in use 0.0.0.0:7236
    at Server.setupListenHandle [as _listen2] (node:net:2328:16)
    at listenInCluster (node:net:2437:12)
    at node:net:2666:7
    at process.processTicksAndRejections (node:internal/process/task_queues:90:21)
Emitted 'error' event on Server instance at:
    at emitErrorNT (node:net:2416:8)
    at process.processTicksAndRejections (node:internal/process/task_queues:90:21) {
  code: 'EADDRINUSE',
  errno: -98,
  syscall: 'listen',
  address: '0.0.0.0',
  port: 7236
}

Node.js v26.8.2
node:events:505
    throw er; // Unhandled 'error' event
    ^

Error: listen EADDRINUSE: address already in use 0.0.0.0:7237
    at Server.setupListenHandle [as _listen2] (node:net:2328:16)
    at listenInCluster (node:net:2437:12)
    at node:net:2666:7
    at process.processTicksAndRejections (node:internal/process/task_queues:90:21)
Emitted 'error' event on Server instance at:
    at emitErrorNT (node:net:2416:8)
    at process.processTicksAndRejections (node:internal/process/task_queues:90:21) {
  code: 'EADDRINUSE',
  errno: -98,
  syscall: 'listen',
  address: '0.0.0.0',
  port: 7237
}

Node.js v26.8.2
node:events:505
    throw er; // Unhandled 'error' event
    ^

Error: listen EADDRINUSE: address already in use 0.0.0.0:7238
    at Server.setupListenHandle [as _listen2] (node:net:2328:16)
    at listenInCluster (node:net:2437:12)
    at node:net:2666:7
    at process.processTicksAndRejections (node:internal/process/task_queues:90:21)
Emitted 'error' event on Server instance at:
    at emitErrorNT (node:net:2416:8)
    at process.processTicksAndRejections (node:internal/process/task_queues:90:21) {
  code: 'EADDRINUSE',
  errno: -98,
  syscall: 'listen',
  address: '0.0.0.0',
  port: 7238
}

Node.js v26.8.2
node:events:505
    throw er; // Unhandled 'error' event
    ^

Error: listen EADDRINUSE: address already in use 0.0.0.0:7239
    at Server.setupListenHandle [as _listen2] (node:net:2328:16)
    at listenInCluster (node:net:2437:12)
    at node:net:2666:7
    at process.processTicksAndRejections (node:internal/process/task_queues:90:21)
Emitted 'error' event on Server instance at:
    at emitErrorNT (node:net:2416:8)
    at process.processTicksAndRejections (node:internal/process/task_queues:90:21) {
  code: 'EADDRINUSE',
  errno: -98,
  syscall: 'listen',
  address: '0.0.0.0',
  port: 7239
}

Node.js v26.8.2
node:events:505
    throw er; // Unhandled 'error' event
    ^

Error: listen EADDRINUSE: address already in use 0.0.0.0:7240
    at Server.setupListenHandle [as _listen2] (node:net:2328:16)
    at listenInCluster (node:net:2437:12)
    at node:net:2666:7
    at process.processTicksAndRejections (node:internal/process/task_queues:90:21)
Emitted 'error' event on Server instance at:
    at emitErrorNT (node:net:2416:8)
    at process.processTicksAndRejections (node:internal/process/task_queues:90:21) {
  code: 'EADDRINUSE',
  errno: -98,
  syscall: 'listen',
  address: '0.0.0.0',
  port: 7240
}

Node.js v26.8.2
node:events:505
    throw er; // Unhandled 'error' event
    ^

Error: listen EADDRINUSE: address already in use 0.0.0.0:7241
    at Server.setupListenHandle [as _listen2] (node:net:2328:16)
    at listenInCluster (node:net:2437:12)
    at node:net:2666:7
    at process.processTicksAndRejections (node:internal/process/task_queues:90:21)
Emitted 'error' event on Server instance at:
    at emitErrorNT (node:net:2416:8)
    at process.processTicksAndRejections (node:internal/process/task_queues:90:21) {
  code: 'EADDRINUSE',
  errno: -98,
  syscall: 'listen',
  address: '0.0.0.0',
  port: 7241
}

Node.js v26.8.2
node:events:505
    throw er; // Unhandled 'error' event
    ^

Error: listen EADDRINUSE: address already in use 0.0.0.0:7242
    at Server.setupListenHandle [as _listen2] (node:net:2328:16)
    at listenInCluster (node:net:2437:12)
    at node:net:2666:7
    at process.processTicksAndRejections (node:internal/process/task_queues:90:21)
Emitted 'error' event on Server instance at:
    at emitErrorNT (node:net:2416:8)
    at process.processTicksAndRejections (node:internal/process/task_queues:90:21) {
  code: 'EADDRINUSE',
  errno: -98,
  syscall: 'listen',
  address: '0.0.0.0',
  port: 7242
}

Node.js v26.8.2
node:events:505
    throw er; // Unhandled 'error' event
    ^

Error: listen EADDRINUSE: address already in use 0.0.0.0:7243
    at Server.setupListenHandle [as _listen2] (node:net:2328:16)
    at listenInCluster (node:net:2437:12)
    at node:net:2666:7
    at process.processTicksAndRejections (node:internal/process/task_queues:90:21)
Emitted 'error' event on Server instance at:
    at emitErrorNT (node:net:2416:8)
    at process.processTicksAndRejections (node:internal/process/task_queues:90:21) {
  code: 'EADDRINUSE',
  errno: -98,
  syscall: 'listen',
  address: '0.0.0.0',
  port: 7243
}

Node.js v26.8.2
node:events:505
    throw er; // Unhandled 'error' event
    ^

Error: listen EADDRINUSE: address already in use 0.0.0.0:7244
    at Server.setupListenHandle [as _listen2] (node:net:2328:16)
    at listenInCluster (node:net:2437:12)
    at node:net:2666:7
    at process.processTicksAndRejections (node:internal/process/task_queues:90:21)
Emitted 'error' event on Server instance at:
    at emitErrorNT (node:net:2416:8)
    at process.processTicksAndRejections (node:internal/process/task_queues:90:21) {
  code: 'EADDRINUSE',
  errno: -98,
  syscall: 'listen',
  address: '0.0.0.0',
  port: 7244
}

Node.js v26.8.2
node:events:505
    throw er; // Unhandled 'error' event
    ^

Error: listen EADDRINUSE: address already in use 0.0.0.0:7245
    at Server.setupListenHandle [as _listen2] (node:net:2328:16)
    at listenInCluster (node:net:2437:12)
    at node:net:2666:7
    at process.processTicksAndRejections (node:internal/process/task_queues:90:21)
Emitted 'error' event on Server instance at:
    at emitErrorNT (node:net:2416:8)
    at process.processTicksAndRejections (node:internal/process/task_queues:90:21) {
  code: 'EADDRINUSE',
  errno: -98,
  syscall: 'listen',
  address: '0.0.0.0',
  port: 7245
}

Node.js v26.8.2
node:events:505
    throw er; // Unhandled 'error' event
    ^

Error: listen EADDRINUSE: address already in use 0.0.0.0:7246
    at Server.setupListenHandle [as _listen2] (node:net:2328:16)
    at listenInCluster (node:net:2437:12)
    at node:net:2666:7
    at process.processTicksAndRejections (node:internal/process/task_queues:90:21)
Emitted 'error' event on Server instance at:
    at emitErrorNT (node:net:2416:8)
    at process.processTicksAndRejections (node:internal/process/task_queues:90:21) {
  code: 'EADDRINUSE',
  errno: -98,
  syscall: 'listen',
  address: '0.0.0.0',
  port: 7246
}

Node.js v26.8.2
node:events:505
    throw er; // Unhandled 'error' event
    ^

Error: listen EADDRINUSE: address already in use 0.0.0.0:7247
    at Server.setupListenHandle [as _listen2] (node:net:2328:16)
    at listenInCluster (node:net:2437:12)
    at node:net:2666:7
    at process.processTicksAndRejections (node:internal/process/task_queues:90:21)
Emitted 'error' event on Server instance at:
    at emitErrorNT (node:net:2416:8)
    at process.processTicksAndRejections (node:internal/process/task_queues:90:21) {
  code: 'EADDRINUSE',
  errno: -98,
  syscall: 'listen',
  address: '0.0.0.0',
  port: 7247
}

Node.js v26.8.2
node:events:505
    throw er; // Unhandled 'error' event
    ^

Error: listen EADDRINUSE: address already in use 0.0.0.0:7248
    at Server.setupListenHandle [as _listen2] (node:net:2328:16)
    at listenInCluster (node:net:2437:12)
    at node:net:2666:7
    at process.processTicksAndRejections (node:internal/process/task_queues:90:21)
Emitted 'error' event on Server instance at:
    at emitErrorNT (node:net:2416:8)
    at process.processTicksAndRejections (node:internal/process/task_queues:90:21) {
  code: 'EADDRINUSE',
  errno: -98,
  syscall: 'listen',
  address: '0.0.0.0',
  port: 7248
}

Node.js v26.8.2
node:events:505
    throw er; // Unhandled 'error' event
    ^

Error: listen EADDRINUSE: address already in use 0.0.0.0:7249
    at Server.setupListenHandle [as _listen2] (node:net:2328:16)
    at listenInCluster (node:net:2437:12)
    at node:net:2666:7
    at process.processTicksAndRejections (node:internal/process/task_queues:90:21)
Emitted 'error' event on Server instance at:
    at emitErrorNT (node:net:2416:8)
    at process.processTicksAndRejections (node:internal/process/task_queues:90:21) {
  code: 'EADDRINUSE',
  errno: -98,
  syscall: 'listen',
  address: '0.0.0.0',
  port: 7249
}

Node.js v26.8.2
node:events:505
    throw er; // Unhandled 'error' event
    ^

Error: listen EADDRINUSE: address already in use 0.0.0.0:7250
    at Server.setupListenHandle [as _listen2] (node:net:2328:16)
    at listenInCluster (node:net:2437:12)
    at node:net:2666:7
    at process.processTicksAndRejections (node:internal/process/task_queues:90:21)
Emitted 'error' event on Server instance at:
    at emitErrorNT (node:net:2416:8)
    at process.processTicksAndRejections (node:internal/process/task_queues:90:21) {
  code: 'EADDRINUSE',
  errno: -98,
  syscall: 'listen',
  address: '0.0.0.0',
  port: 7250
}

Node.js v26.8.2
node:events:505
    throw er; // Unhandled 'error' event
    ^

Error: listen EADDRINUSE: address already in use 0.0.0.0:7251
    at Server.setupListenHandle [as _listen2] (node:net:2328:16)
    at listenInCluster (node:net:2437:12)
    at node:net:2666:7
    at process.processTicksAndRejections (node:internal/process/task_queues:90:21)
Emitted 'error' event on Server instance at:
    at emitErrorNT (node:net:2416:8)
    at process.processTicksAndRejections (node:internal/process/task_queues:90:21) {
  code: 'EADDRINUSE',
  errno: -98,
  syscall: 'listen',
  address: '0.0.0.0',
  port: 7251
}

Node.js v26.8.2
node:events:505
    throw er; // Unhandled 'error' event
    ^

Error: listen EADDRINUSE: address already in use 0.0.0.0:7252
    at Server.setupListenHandle [as _listen2] (node:net:2328:16)
    at listenInCluster (node:net:2437:12)
    at node:net:2666:7
    at process.processTicksAndRejections (node:internal/process/task_queues:90:21)
Emitted 'error' event on Server instance at:
    at emitErrorNT (node:net:2416:8)
    at process.processTicksAndRejections (node:internal/process/task_queues:90:21) {
  code: 'EADDRINUSE',
  errno: -98,
  syscall: 'listen',
  address: '0.0.0.0',
  port: 7252
}

Node.js v26.8.2
node:events:505
    throw er; // Unhandled 'error' event
    ^

Error: listen EADDRINUSE: address already in use 0.0.0.0:7253
    at Server.setupListenHandle [as _listen2] (node:net:2328:16)
    at listenInCluster (node:net:2437:12)
    at node:net:2666:7
    at process.processTicksAndRejections (node:internal/process/task_queues:90:21)
Emitted 'error' event on Server instance at:
    at emitErrorNT (node:net:2416:8)
    at process.processTicksAndRejections (node:internal/process/task_queues:90:21) {
  code: 'EADDRINUSE',
  errno: -98,
  syscall: 'listen',
  address: '0.0.0.0',
  port: 7253
}

Node.js v26.8.2
node:events:505
    throw er; // Unhandled 'error' event
    ^

Error: listen EADDRINUSE: address already in use 0.0.0.0:7230
    at Server.setupListenHandle [as _listen2] (node:net:2328:16)
    at listenInCluster (node:net:2437:12)
    at node:net:2666:7
    at process.processTicksAndRejections (node:internal/process/task_queues:90:21)
Emitted 'error' event on Server instance at:
    at emitErrorNT (node:net:2416:8)
    at process.processTicksAndRejections (node:internal/process/task_queues:90:21) {
  code: 'EADDRINUSE',
  errno: -98,
  syscall: 'listen',
  address: '0.0.0.0',
  port: 7230
}

Node.js v26.8.2
node:events:505
    throw er; // Unhandled 'error' event
    ^

Error: listen EADDRINUSE: address already in use 0.0.0.0:7231
    at Server.setupListenHandle [as _listen2] (node:net:2328:16)
    at listenInCluster (node:net:2437:12)
    at node:net:2666:7
    at process.processTicksAndRejections (node:internal/process/task_queues:90:21)
Emitted 'error' event on Server instance at:
    at emitErrorNT (node:net:2416:8)
    at process.processTicksAndRejections (node:internal/process/task_queues:90:21) {
  code: 'EADDRINUSE',
  errno: -98,
  syscall: 'listen',
  address: '0.0.0.0',
  port: 7231
}

Node.js v26.8.2
node:events:505
    throw er; // Unhandled 'error' event
    ^

Error: listen EADDRINUSE: address already in use 0.0.0.0:7232
    at Server.setupListenHandle [as _listen2] (node:net:2328:16)
    at listenInCluster (node:net:2437:12)
    at node:net:2666:7
    at process.processTicksAndRejections (node:internal/process/task_queues:90:21)
Emitted 'error' event on Server instance at:
    at emitErrorNT (node:net:2416:8)
    at process.processTicksAndRejections (node:internal/process/task_queues:90:21) {
  code: 'EADDRINUSE',
  errno: -98,
  syscall: 'listen',
  address: '0.0.0.0',
  port: 7232
}

Node.js v26.8.2
node:events:505
    throw er; // Unhandled 'error' event
    ^

Error: listen EADDRINUSE: address already in use 0.0.0.0:7233
    at Server.setupListenHandle [as _listen2] (node:net:2328:16)
    at listenInCluster (node:net:2437:12)
    at node:net:2666:7
    at process.processTicksAndRejections (node:internal/process/task_queues:90:21)
Emitted 'error' event on Server instance at:
    at emitErrorNT (node:net:2416:8)
    at process.processTicksAndRejections (node:internal/process/task_queues:90:21) {
  code: 'EADDRINUSE',
  errno: -98,
  syscall: 'listen',
  address: '0.0.0.0',
  port: 7233
}

Node.js v26.8.2
node:events:505
    throw er; // Unhandled 'error' event
    ^

Error: listen EADDRINUSE: address already in use 0.0.0.0:7234
    at Server.setupListenHandle [as _listen2] (node:net:2328:16)
    at listenInCluster (node:net:2437:12)
    at node:net:2666:7
    at process.processTicksAndRejections (node:internal/process/task_queues:90:21)
Emitted 'error' event on Server instance at:
    at emitErrorNT (node:net:2416:8)
    at process.processTicksAndRejections (node:internal/process/task_queues:90:21) {
  code: 'EADDRINUSE',
  errno: -98,
  syscall: 'listen',
  address: '0.0.0.0',
  port: 7234
}

Node.js v26.8.2
node:events:505
    throw er; // Unhandled 'error' event
    ^

Error: listen EADDRINUSE: address already in use 0.0.0.0:7235
    at Server.setupListenHandle [as _listen2] (node:net:2328:16)
    at listenInCluster (node:net:2437:12)
    at node:net:2666:7
    at process.processTicksAndRejections (node:internal/process/task_queues:90:21)
Emitted 'error' event on Server instance at:
    at emitErrorNT (node:net:2416:8)
    at process.processTicksAndRejections (node:internal/process/task_queues:90:21) {
  code: 'EADDRINUSE',
  errno: -98,
  syscall: 'listen',
  address: '0.0.0.0',
  port: 7235
}

Node.js v26.8.2
node:events:505
    throw er; // Unhandled 'error' event
    ^

Error: listen EADDRINUSE: address already in use 0.0.0.0:7236
    at Server.setupListenHandle [as _listen2] (node:net:2328:16)
    at listenInCluster (node:net:2437:12)
    at node:net:2666:7
    at process.processTicksAndRejections (node:internal/process/task_queues:90:21)
Emitted 'error' event on Server instance at:
    at emitErrorNT (node:net:2416:8)
    at process.processTicksAndRejections (node:internal/process/task_queues:90:21) {
  code: 'EADDRINUSE',
  errno: -98,
  syscall: 'listen',
  address: '0.0.0.0',
  port: 7236
}

Node.js v26.8.2
node:events:505
    throw er; // Unhandled 'error' event
    ^

Error: listen EADDRINUSE: address already in use 0.0.0.0:7237
    at Server.setupListenHandle [as _listen2] (node:net:2328:16)
    at listenInCluster (node:net:2437:12)
    at node:net:2666:7
    at process.processTicksAndRejections (node:internal/process/task_queues:90:21)
Emitted 'error' event on Server instance at:
    at emitErrorNT (node:net:2416:8)
    at process.processTicksAndRejections (node:internal/process/task_queues:90:21) {
  code: 'EADDRINUSE',
  errno: -98,
  syscall: 'listen',
  address: '0.0.0.0',
  port: 7237
}

Node.js v26.8.2
node:events:505
    throw er; // Unhandled 'error' event
    ^

Error: listen EADDRINUSE: address already in use 0.0.0.0:7238
    at Server.setupListenHandle [as _listen2] (node:net:2328:16)
    at listenInCluster (node:net:2437:12)
    at node:net:2666:7
    at process.processTicksAndRejections (node:internal/process/task_queues:90:21)
Emitted 'error' event on Server instance at:
    at emitErrorNT (node:net:2416:8)
    at process.processTicksAndRejections (node:internal/process/task_queues:90:21) {
  code: 'EADDRINUSE',
  errno: -98,
  syscall: 'listen',
  address: '0.0.0.0',
  port: 7238
}

Node.js v26.8.2
node:events:505
    throw er; // Unhandled 'error' event
    ^

Error: listen EADDRINUSE: address already in use 0.0.0.0:7239
    at Server.setupListenHandle [as _listen2] (node:net:2328:16)
    at listenInCluster (node:net:2437:12)
    at node:net:2666:7
    at process.processTicksAndRejections (node:internal/process/task_queues:90:21)
Emitted 'error' event on Server instance at:
    at emitErrorNT (node:net:2416:8)
    at process.processTicksAndRejections (node:internal/process/task_queues:90:21) {
  code: 'EADDRINUSE',
  errno: -98,
  syscall: 'listen',
  address: '0.0.0.0',
  port: 7239
}

Node.js v26.8.2
node:events:505
    throw er; // Unhandled 'error' event
    ^

Error: listen EADDRINUSE: address already in use 0.0.0.0:7240
    at Server.setupListenHandle [as _listen2] (node:net:2328:16)
    at listenInCluster (node:net:2437:12)
    at node:net:2666:7
    at process.processTicksAndRejections (node:internal/process/task_queues:90:21)
Emitted 'error' event on Server instance at:
    at emitErrorNT (node:net:2416:8)
    at process.processTicksAndRejections (node:internal/process/task_queues:90:21) {
  code: 'EADDRINUSE',
  errno: -98,
  syscall: 'listen',
  address: '0.0.0.0',
  port: 7240
}

Node.js v26.8.2
node:events:505
    throw er; // Unhandled 'error' event
    ^

Error: listen EADDRINUSE: address already in use 0.0.0.0:7241
    at Server.setupListenHandle [as _listen2] (node:net:2328:16)
    at listenInCluster (node:net:2437:12)
    at node:net:2666:7
    at process.processTicksAndRejections (node:internal/process/task_queues:90:21)
Emitted 'error' event on Server instance at:
    at emitErrorNT (node:net:2416:8)
    at process.processTicksAndRejections (node:internal/process/task_queues:90:21) {
  code: 'EADDRINUSE',
  errno: -98,
  syscall: 'listen',
  address: '0.0.0.0',
  port: 7241
}

Node.js v26.8.2
node:events:505
    throw er; // Unhandled 'error' event
    ^

Error: listen EADDRINUSE: address already in use 0.0.0.0:7242
    at Server.setupListenHandle [as _listen2] (node:net:2328:16)
    at listenInCluster (node:net:2437:12)
    at node:net:2666:7
    at process.processTicksAndRejections (node:internal/process/task_queues:90:21)
Emitted 'error' event on Server instance at:
    at emitErrorNT (node:net:2416:8)
    at process.processTicksAndRejections (node:internal/process/task_queues:90:21) {
  code: 'EADDRINUSE',
  errno: -98,
  syscall: 'listen',
  address: '0.0.0.0',
  port: 7242
}

Node.js v26.8.2
node:events:505
    throw er; // Unhandled 'error' event
    ^

Error: listen EADDRINUSE: address already in use 0.0.0.0:7243
    at Server.setupListenHandle [as _listen2] (node:net:2328:16)
    at listenInCluster (node:net:2437:12)
    at node:net:2666:7
    at process.processTicksAndRejections (node:internal/process/task_queues:90:21)
Emitted 'error' event on Server instance at:
    at emitErrorNT (node:net:2416:8)
    at process.processTicksAndRejections (node:internal/process/task_queues:90:21) {
  code: 'EADDRINUSE',
  errno: -98,
  syscall: 'listen',
  address: '0.0.0.0',
  port: 7243
}

Node.js v26.8.2
node:events:505
    throw er; // Unhandled 'error' event
    ^

Error: listen EADDRINUSE: address already in use 0.0.0.0:7244
    at Server.setupListenHandle [as _listen2] (node:net:2328:16)
    at listenInCluster (node:net:2437:12)
    at node:net:2666:7
    at process.processTicksAndRejections (node:internal/process/task_queues:90:21)
Emitted 'error' event on Server instance at:
    at emitErrorNT (node:net:2416:8)
    at process.processTicksAndRejections (node:internal/process/task_queues:90:21) {
  code: 'EADDRINUSE',
  errno: -98,
  syscall: 'listen',
  address: '0.0.0.0',
  port: 7244
}

Node.js v26.8.2
node:events:505
    throw er; // Unhandled 'error' event
    ^

Error: listen EADDRINUSE: address already in use 0.0.0.0:7245
    at Server.setupListenHandle [as _listen2] (node:net:2328:16)
    at listenInCluster (node:net:2437:12)
    at node:net:2666:7
    at process.processTicksAndRejections (node:internal/process/task_queues:90:21)
Emitted 'error' event on Server instance at:
    at emitErrorNT (node:net:2416:8)
    at process.processTicksAndRejections (node:internal/process/task_queues:90:21) {
  code: 'EADDRINUSE',
  errno: -98,
  syscall: 'listen',
  address: '0.0.0.0',
  port: 7245
}

Node.js v26.8.2
node:events:505
    throw er; // Unhandled 'error' event
    ^

Error: listen EADDRINUSE: address already in use 0.0.0.0:7246
    at Server.setupListenHandle [as _listen2] (node:net:2328:16)
    at listenInCluster (node:net:2437:12)
    at node:net:2666:7
    at process.processTicksAndRejections (node:internal/process/task_queues:90:21)
Emitted 'error' event on Server instance at:
    at emitErrorNT (node:net:2416:8)
    at process.processTicksAndRejections (node:internal/process/task_queues:90:21) {
  code: 'EADDRINUSE',
  errno: -98,
  syscall: 'listen',
  address: '0.0.0.0',
  port: 7246
}

Node.js v26.8.2
node:events:505
    throw er; // Unhandled 'error' event
    ^

Error: listen EADDRINUSE: address already in use 0.0.0.0:7247
    at Server.setupListenHandle [as _listen2] (node:net:2328:16)
    at listenInCluster (node:net:2437:12)
    at node:net:2666:7
    at process.processTicksAndRejections (node:internal/process/task_queues:90:21)
Emitted 'error' event on Server instance at:
    at emitErrorNT (node:net:2416:8)
    at process.processTicksAndRejections (node:internal/process/task_queues:90:21) {
  code: 'EADDRINUSE',
  errno: -98,
  syscall: 'listen',
  address: '0.0.0.0',
  port: 7247
}

Node.js v26.8.2
node:events:505
    throw er; // Unhandled 'error' event
    ^

Error: listen EADDRINUSE: address already in use 0.0.0.0:7248
    at Server.setupListenHandle [as _listen2] (node:net:2328:16)
    at listenInCluster (node:net:2437:12)
    at node:net:2666:7
    at process.processTicksAndRejections (node:internal/process/task_queues:90:21)
Emitted 'error' event on Server instance at:
    at emitErrorNT (node:net:2416:8)
    at process.processTicksAndRejections (node:internal/process/task_queues:90:21) {
  code: 'EADDRINUSE',
  errno: -98,
  syscall: 'listen',
  address: '0.0.0.0',
  port: 7248
}

Node.js v26.8.2
node:events:505
    throw er; // Unhandled 'error' event
    ^

Error: listen EADDRINUSE: address already in use 0.0.0.0:7249
    at Server.setupListenHandle [as _listen2] (node:net:2328:16)
    at listenInCluster (node:net:2437:12)
    at node:net:2666:7
    at process.processTicksAndRejections (node:internal/process/task_queues:90:21)
Emitted 'error' event on Server instance at:
    at emitErrorNT (node:net:2416:8)
    at process.processTicksAndRejections (node:internal/process/task_queues:90:21) {
  code: 'EADDRINUSE',
  errno: -98,
  syscall: 'listen',
  address: '0.0.0.0',
  port: 7249
}

Node.js v26.8.2
node:events:505
    throw er; // Unhandled 'error' event
    ^

Error: listen EADDRINUSE: address already in use 0.0.0.0:7250
    at Server.setupListenHandle [as _listen2] (node:net:2328:16)
    at listenInCluster (node:net:2437:12)
    at node:net:2666:7
    at process.processTicksAndRejections (node:internal/process/task_queues:90:21)
Emitted 'error' event on Server instance at:
    at emitErrorNT (node:net:2416:8)
    at process.processTicksAndRejections (node:internal/process/task_queues:90:21) {
  code: 'EADDRINUSE',
  errno: -98,
  syscall: 'listen',
  address: '0.0.0.0',
  port: 7250
}

Node.js v26.8.2
node:events:505
    throw er; // Unhandled 'error' event
    ^

Error: listen EADDRINUSE: address already in use 0.0.0.0:7251
    at Server.setupListenHandle [as _listen2] (node:net:2328:16)
    at listenInCluster (node:net:2437:12)
    at node:net:2666:7
    at process.processTicksAndRejections (node:internal/process/task_queues:90:21)
Emitted 'error' event on Server instance at:
    at emitErrorNT (node:net:2416:8)
    at process.processTicksAndRejections (node:internal/process/task_queues:90:21) {
  code: 'EADDRINUSE',
  errno: -98,
  syscall: 'listen',
  address: '0.0.0.0',
  port: 7251
}

Node.js v26.8.2
node:events:505
    throw er; // Unhandled 'error' event
    ^

Error: listen EADDRINUSE: address already in use 0.0.0.0:7252
    at Server.setupListenHandle [as _listen2] (node:net:2328:16)
    at listenInCluster (node:net:2437:12)
    at node:net:2666:7
    at process.processTicksAndRejections (node:internal/process/task_queues:90:21)
Emitted 'error' event on Server instance at:
    at emitErrorNT (node:net:2416:8)
    at process.processTicksAndRejections (node:internal/process/task_queues:90:21) {
  code: 'EADDRINUSE',
  errno: -98,
  syscall: 'listen',
  address: '0.0.0.0',
  port: 7252
}

Node.js v26.8.2
node:events:505
    throw er; // Unhandled 'error' event
    ^

Error: listen EADDRINUSE: address already in use 0.0.0.0:7253
    at Server.setupListenHandle [as _listen2] (node:net:2328:16)
    at listenInCluster (node:net:2437:12)
    at node:net:2666:7
    at process.processTicksAndRejections (node:internal/process/task_queues:90:21)
Emitted 'error' event on Server instance at:
    at emitErrorNT (node:net:2416:8)
    at process.processTicksAndRejections (node:internal/process/task_queues:90:21) {
  code: 'EADDRINUSE',
  errno: -98,
  syscall: 'listen',
  address: '0.0.0.0',
  port: 7253
}

Node.js v26.8.2
node:events:505
    throw er; // Unhandled 'error' event
    ^

Error: listen EADDRINUSE: address already in use 0.0.0.0:7230
    at Server.setupListenHandle [as _listen2] (node:net:2328:16)
    at listenInCluster (node:net:2437:12)
    at node:net:2666:7
    at process.processTicksAndRejections (node:internal/process/task_queues:90:21)
Emitted 'error' event on Server instance at:
    at emitErrorNT (node:net:2416:8)
    at process.processTicksAndRejections (node:internal/process/task_queues:90:21) {
  code: 'EADDRINUSE',
  errno: -98,
  syscall: 'listen',
  address: '0.0.0.0',
  port: 7230
}

Node.js v26.8.2
node:events:505
    throw er; // Unhandled 'error' event
    ^

Error: listen EADDRINUSE: address already in use 0.0.0.0:7233
    at Server.setupListenHandle [as _listen2] (node:net:2328:16)
    at listenInCluster (node:net:2437:12)
    at node:net:2666:7
    at process.processTicksAndRejections (node:internal/process/task_queues:90:21)
Emitted 'error' event on Server instance at:
    at emitErrorNT (node:net:2416:8)
    at process.processTicksAndRejections (node:internal/process/task_queues:90:21) {
  code: 'EADDRINUSE',
  errno: -98,
  syscall: 'listen',
  address: '0.0.0.0',
  port: 7233
}

Node.js v26.8.2
node:events:505
    throw er; // Unhandled 'error' event
    ^

Error: listen EADDRINUSE: address already in use 0.0.0.0:7231
    at Server.setupListenHandle [as _listen2] (node:net:2328:16)
    at listenInCluster (node:net:2437:12)
    at node:net:2666:7
    at process.processTicksAndRejections (node:internal/process/task_queues:90:21)
Emitted 'error' event on Server instance at:
    at emitErrorNT (node:net:2416:8)
    at process.processTicksAndRejections (node:internal/process/task_queues:90:21) {
  code: 'EADDRINUSE',
  errno: -98,
  syscall: 'listen',
  address: '0.0.0.0',
  port: 7231
}

Node.js v26.8.2
node:events:505
    throw er; // Unhandled 'error' event
    ^

Error: listen EADDRINUSE: address already in use 0.0.0.0:7232
    at Server.setupListenHandle [as _listen2] (node:net:2328:16)
    at listenInCluster (node:net:2437:12)
    at node:net:2666:7
    at process.processTicksAndRejections (node:internal/process/task_queues:90:21)
Emitted 'error' event on Server instance at:
    at emitErrorNT (node:net:2416:8)
    at process.processTicksAndRejections (node:internal/process/task_queues:90:21) {
  code: 'EADDRINUSE',
  errno: -98,
  syscall: 'listen',
  address: '0.0.0.0',
  port: 7232
}

Node.js v26.8.2
node:events:505
    throw er; // Unhandled 'error' event
    ^

Error: listen EADDRINUSE: address already in use 0.0.0.0:7234
    at Server.setupListenHandle [as _listen2] (node:net:2328:16)
    at listenInCluster (node:net:2437:12)
    at node:net:2666:7
    at process.processTicksAndRejections (node:internal/process/task_queues:90:21)
Emitted 'error' event on Server instance at:
    at emitErrorNT (node:net:2416:8)
    at process.processTicksAndRejections (node:internal/process/task_queues:90:21) {
  code: 'EADDRINUSE',
  errno: -98,
  syscall: 'listen',
  address: '0.0.0.0',
  port: 7234
}

Node.js v26.8.2
node:events:505
    throw er; // Unhandled 'error' event
    ^

Error: listen EADDRINUSE: address already in use 0.0.0.0:7235
    at Server.setupListenHandle [as _listen2] (node:net:2328:16)
    at listenInCluster (node:net:2437:12)
    at node:net:2666:7
    at process.processTicksAndRejections (node:internal/process/task_queues:90:21)
Emitted 'error' event on Server instance at:
    at emitErrorNT (node:net:2416:8)
    at process.processTicksAndRejections (node:internal/process/task_queues:90:21) {
  code: 'EADDRINUSE',
  errno: -98,
  syscall: 'listen',
  address: '0.0.0.0',
  port: 7235
}

Node.js v26.8.2
node:events:505
    throw er; // Unhandled 'error' event
    ^

Error: listen EADDRINUSE: address already in use 0.0.0.0:7237
    at Server.setupListenHandle [as _listen2] (node:net:2328:16)
    at listenInCluster (node:net:2437:12)
    at node:net:2666:7
    at process.processTicksAndRejections (node:internal/process/task_queues:90:21)
Emitted 'error' event on Server instance at:
    at emitErrorNT (node:net:2416:8)
    at process.processTicksAndRejections (node:internal/process/task_queues:90:21) {
  code: 'EADDRINUSE',
  errno: -98,
  syscall: 'listen',
  address: '0.0.0.0',
  port: 7237
}

Node.js v26.8.2
node:events:505
    throw er; // Unhandled 'error' event
    ^

Error: listen EADDRINUSE: address already in use 0.0.0.0:7236
    at Server.setupListenHandle [as _listen2] (node:net:2328:16)
    at listenInCluster (node:net:2437:12)
    at node:net:2666:7
    at process.processTicksAndRejections (node:internal/process/task_queues:90:21)
Emitted 'error' event on Server instance at:
    at emitErrorNT (node:net:2416:8)
    at process.processTicksAndRejections (node:internal/process/task_queues:90:21) {
  code: 'EADDRINUSE',
  errno: -98,
  syscall: 'listen',
  address: '0.0.0.0',
  port: 7236
}

Node.js v26.8.2
node:events:505
    throw er; // Unhandled 'error' event
    ^

Error: listen EADDRINUSE: address already in use 0.0.0.0:7238
    at Server.setupListenHandle [as _listen2] (node:net:2328:16)
    at listenInCluster (node:net:2437:12)
    at node:net:2666:7
    at process.processTicksAndRejections (node:internal/process/task_queues:90:21)
Emitted 'error' event on Server instance at:
    at emitErrorNT (node:net:2416:8)
    at process.processTicksAndRejections (node:internal/process/task_queues:90:21) {
  code: 'EADDRINUSE',
  errno: -98,
  syscall: 'listen',
  address: '0.0.0.0',
  port: 7238
}

Node.js v26.8.2
node:events:505
    throw er; // Unhandled 'error' event
    ^

Error: listen EADDRINUSE: address already in use 0.0.0.0:7239
    at Server.setupListenHandle [as _listen2] (node:net:2328:16)
    at listenInCluster (node:net:2437:12)
    at node:net:2666:7
    at process.processTicksAndRejections (node:internal/process/task_queues:90:21)
Emitted 'error' event on Server instance at:
    at emitErrorNT (node:net:2416:8)
    at process.processTicksAndRejections (node:internal/process/task_queues:90:21) {
  code: 'EADDRINUSE',
  errno: -98,
  syscall: 'listen',
  address: '0.0.0.0',
  port: 7239
}

Node.js v26.8.2
node:events:505
    throw er; // Unhandled 'error' event
    ^

Error: listen EADDRINUSE: address already in use 0.0.0.0:7240
    at Server.setupListenHandle [as _listen2] (node:net:2328:16)
    at listenInCluster (node:net:2437:12)
    at node:net:2666:7
    at process.processTicksAndRejections (node:internal/process/task_queues:90:21)
Emitted 'error' event on Server instance at:
    at emitErrorNT (node:net:2416:8)
    at process.processTicksAndRejections (node:internal/process/task_queues:90:21) {
  code: 'EADDRINUSE',
  errno: -98,
  syscall: 'listen',
  address: '0.0.0.0',
  port: 7240
}

Node.js v26.8.2
node:events:505
    throw er; // Unhandled 'error' event
    ^

Error: listen EADDRINUSE: address already in use 0.0.0.0:7241
    at Server.setupListenHandle [as _listen2] (node:net:2328:16)
    at listenInCluster (node:net:2437:12)
    at node:net:2666:7
    at process.processTicksAndRejections (node:internal/process/task_queues:90:21)
Emitted 'error' event on Server instance at:
    at emitErrorNT (node:net:2416:8)
    at process.processTicksAndRejections (node:internal/process/task_queues:90:21) {
  code: 'EADDRINUSE',
  errno: -98,
  syscall: 'listen',
  address: '0.0.0.0',
  port: 7241
}

Node.js v26.8.2
node:events:505
    throw er; // Unhandled 'error' event
    ^

Error: listen EADDRINUSE: address already in use 0.0.0.0:7242
    at Server.setupListenHandle [as _listen2] (node:net:2328:16)
    at listenInCluster (node:net:2437:12)
    at node:net:2666:7
    at process.processTicksAndRejections (node:internal/process/task_queues:90:21)
Emitted 'error' event on Server instance at:
    at emitErrorNT (node:net:2416:8)
    at process.processTicksAndRejections (node:internal/process/task_queues:90:21) {
  code: 'EADDRINUSE',
  errno: -98,
  syscall: 'listen',
  address: '0.0.0.0',
  port: 7242
}

Node.js v26.8.2
node:events:505
    throw er; // Unhandled 'error' event
    ^

Error: listen EADDRINUSE: address already in use 0.0.0.0:7243
    at Server.setupListenHandle [as _listen2] (node:net:2328:16)
    at listenInCluster (node:net:2437:12)
    at node:net:2666:7
    at process.processTicksAndRejections (node:internal/process/task_queues:90:21)
Emitted 'error' event on Server instance at:
    at emitErrorNT (node:net:2416:8)
    at process.processTicksAndRejections (node:internal/process/task_queues:90:21) {
  code: 'EADDRINUSE',
  errno: -98,
  syscall: 'listen',
  address: '0.0.0.0',
  port: 7243
}

Node.js v26.8.2
node:events:505
    throw er; // Unhandled 'error' event
    ^

Error: listen EADDRINUSE: address already in use 0.0.0.0:7244
    at Server.setupListenHandle [as _listen2] (node:net:2328:16)
    at listenInCluster (node:net:2437:12)
    at node:net:2666:7
    at process.processTicksAndRejections (node:internal/process/task_queues:90:21)
Emitted 'error' event on Server instance at:
    at emitErrorNT (node:net:2416:8)
    at process.processTicksAndRejections (node:internal/process/task_queues:90:21) {
  code: 'EADDRINUSE',
  errno: -98,
  syscall: 'listen',
  address: '0.0.0.0',
  port: 7244
}

Node.js v26.8.2
node:events:505
    throw er; // Unhandled 'error' event
    ^

Error: listen EADDRINUSE: address already in use 0.0.0.0:7245
    at Server.setupListenHandle [as _listen2] (node:net:2328:16)
    at listenInCluster (node:net:2437:12)
    at node:net:2666:7
    at process.processTicksAndRejections (node:internal/process/task_queues:90:21)
Emitted 'error' event on Server instance at:
    at emitErrorNT (node:net:2416:8)
    at process.processTicksAndRejections (node:internal/process/task_queues:90:21) {
  code: 'EADDRINUSE',
  errno: -98,
  syscall: 'listen',
  address: '0.0.0.0',
  port: 7245
}

Node.js v26.8.2
node:events:505
    throw er; // Unhandled 'error' event
    ^

Error: listen EADDRINUSE: address already in use 0.0.0.0:7246
    at Server.setupListenHandle [as _listen2] (node:net:2328:16)
    at listenInCluster (node:net:2437:12)
    at node:net:2666:7
    at process.processTicksAndRejections (node:internal/process/task_queues:90:21)
Emitted 'error' event on Server instance at:
    at emitErrorNT (node:net:2416:8)
    at process.processTicksAndRejections (node:internal/process/task_queues:90:21) {
  code: 'EADDRINUSE',
  errno: -98,
  syscall: 'listen',
  address: '0.0.0.0',
  port: 7246
}

Node.js v26.8.2
node:events:505
    throw er; // Unhandled 'error' event
    ^

Error: listen EADDRINUSE: address already in use 0.0.0.0:7247
    at Server.setupListenHandle [as _listen2] (node:net:2328:16)
    at listenInCluster (node:net:2437:12)
    at node:net:2666:7
    at process.processTicksAndRejections (node:internal/process/task_queues:90:21)
Emitted 'error' event on Server instance at:
    at emitErrorNT (node:net:2416:8)
    at process.processTicksAndRejections (node:internal/process/task_queues:90:21) {
  code: 'EADDRINUSE',
  errno: -98,
  syscall: 'listen',
  address: '0.0.0.0',
  port: 7247
}

Node.js v26.8.2
node:events:505
    throw er; // Unhandled 'error' event
    ^

Error: listen EADDRINUSE: address already in use 0.0.0.0:7248
    at Server.setupListenHandle [as _listen2] (node:net:2328:16)
    at listenInCluster (node:net:2437:12)
    at node:net:2666:7
    at process.processTicksAndRejections (node:internal/process/task_queues:90:21)
Emitted 'error' event on Server instance at:
    at emitErrorNT (node:net:2416:8)
    at process.processTicksAndRejections (node:internal/process/task_queues:90:21) {
  code: 'EADDRINUSE',
  errno: -98,
  syscall: 'listen',
  address: '0.0.0.0',
  port: 7248
}

Node.js v26.8.2
node:events:505
    throw er; // Unhandled 'error' event
    ^

Error: listen EADDRINUSE: address already in use 0.0.0.0:7249
    at Server.setupListenHandle [as _listen2] (node:net:2328:16)
    at listenInCluster (node:net:2437:12)
    at node:net:2666:7
    at process.processTicksAndRejections (node:internal/process/task_queues:90:21)
Emitted 'error' event on Server instance at:
    at emitErrorNT (node:net:2416:8)
    at process.processTicksAndRejections (node:internal/process/task_queues:90:21) {
  code: 'EADDRINUSE',
  errno: -98,
  syscall: 'listen',
  address: '0.0.0.0',
  port: 7249
}

Node.js v26.8.2
node:events:505
    throw er; // Unhandled 'error' event
    ^

Error: listen EADDRINUSE: address already in use 0.0.0.0:7250
    at Server.setupListenHandle [as _listen2] (node:net:2328:16)
    at listenInCluster (node:net:2437:12)
    at node:net:2666:7
    at process.processTicksAndRejections (node:internal/process/task_queues:90:21)
Emitted 'error' event on Server instance at:
    at emitErrorNT (node:net:2416:8)
    at process.processTicksAndRejections (node:internal/process/task_queues:90:21) {
  code: 'EADDRINUSE',
  errno: -98,
  syscall: 'listen',
  address: '0.0.0.0',
  port: 7250
}

Node.js v26.8.2
node:events:505
    throw er; // Unhandled 'error' event
    ^

Error: listen EADDRINUSE: address already in use 0.0.0.0:7251
    at Server.setupListenHandle [as _listen2] (node:net:2328:16)
    at listenInCluster (node:net:2437:12)
    at node:net:2666:7
    at process.processTicksAndRejections (node:internal/process/task_queues:90:21)
Emitted 'error' event on Server instance at:
    at emitErrorNT (node:net:2416:8)
    at process.processTicksAndRejections (node:internal/process/task_queues:90:21) {
  code: 'EADDRINUSE',
  errno: -98,
  syscall: 'listen',
  address: '0.0.0.0',
  port: 7251
}

Node.js v26.8.2
node:events:505
    throw er; // Unhandled 'error' event
    ^

Error: listen EADDRINUSE: address already in use 0.0.0.0:7252
    at Server.setupListenHandle [as _listen2] (node:net:2328:16)
    at listenInCluster (node:net:2437:12)
    at node:net:2666:7
    at process.processTicksAndRejections (node:internal/process/task_queues:90:21)
Emitted 'error' event on Server instance at:
    at emitErrorNT (node:net:2416:8)
    at process.processTicksAndRejections (node:internal/process/task_queues:90:21) {
  code: 'EADDRINUSE',
  errno: -98,
  syscall: 'listen',
  address: '0.0.0.0',
  port: 7252
}

Node.js v26.8.2
node:events:505
    throw er; // Unhandled 'error' event
    ^

Error: listen EADDRINUSE: address already in use 0.0.0.0:7253
    at Server.setupListenHandle [as _listen2] (node:net:2328:16)
    at listenInCluster (node:net:2437:12)
    at node:net:2666:7
    at process.processTicksAndRejections (node:internal/process/task_queues:90:21)
Emitted 'error' event on Server instance at:
    at emitErrorNT (node:net:2416:8)
    at process.processTicksAndRejections (node:internal/process/task_queues:90:21) {
  code: 'EADDRINUSE',
  errno: -98,
  syscall: 'listen',
  address: '0.0.0.0',
  port: 7253
}

Node.js v26.8.2
node:events:505
    throw er; // Unhandled 'error' event
    ^

Error: listen EADDRINUSE: address already in use 0.0.0.0:7230
    at Server.setupListenHandle [as _listen2] (node:net:2328:16)
    at listenInCluster (node:net:2437:12)
    at node:net:2666:7
    at process.processTicksAndRejections (node:internal/process/task_queues:90:21)
Emitted 'error' event on Server instance at:
    at emitErrorNT (node:net:2416:8)
    at process.processTicksAndRejections (node:internal/process/task_queues:90:21) {
  code: 'EADDRINUSE',
  errno: -98,
  syscall: 'listen',
  address: '0.0.0.0',
  port: 7230
}

Node.js v26.8.2
node:events:505
    throw er; // Unhandled 'error' event
    ^

Error: listen EADDRINUSE: address already in use 0.0.0.0:7231
    at Server.setupListenHandle [as _listen2] (node:net:2328:16)
    at listenInCluster (node:net:2437:12)
    at node:net:2666:7
    at process.processTicksAndRejections (node:internal/process/task_queues:90:21)
Emitted 'error' event on Server instance at:
    at emitErrorNT (node:net:2416:8)
    at process.processTicksAndRejections (node:internal/process/task_queues:90:21) {
  code: 'EADDRINUSE',
  errno: -98,
  syscall: 'listen',
  address: '0.0.0.0',
  port: 7231
}

Node.js v26.8.2
node:events:505
    throw er; // Unhandled 'error' event
    ^

Error: listen EADDRINUSE: address already in use 0.0.0.0:7233
    at Server.setupListenHandle [as _listen2] (node:net:2328:16)
    at listenInCluster (node:net:2437:12)
    at node:net:2666:7
    at process.processTicksAndRejections (node:internal/process/task_queues:90:21)
Emitted 'error' event on Server instance at:
    at emitErrorNT (node:net:2416:8)
    at process.processTicksAndRejections (node:internal/process/task_queues:90:21) {
  code: 'EADDRINUSE',
  errno: -98,
  syscall: 'listen',
  address: '0.0.0.0',
  port: 7233
}

Node.js v26.8.2
node:events:505
    throw er; // Unhandled 'error' event
    ^

Error: listen EADDRINUSE: address already in use 0.0.0.0:7232
    at Server.setupListenHandle [as _listen2] (node:net:2328:16)
    at listenInCluster (node:net:2437:12)
    at node:net:2666:7
    at process.processTicksAndRejections (node:internal/process/task_queues:90:21)
Emitted 'error' event on Server instance at:
    at emitErrorNT (node:net:2416:8)
    at process.processTicksAndRejections (node:internal/process/task_queues:90:21) {
  code: 'EADDRINUSE',
  errno: -98,
  syscall: 'listen',
  address: '0.0.0.0',
  port: 7232
}

Node.js v26.8.2
node:events:505
    throw er; // Unhandled 'error' event
    ^

Error: listen EADDRINUSE: address already in use 0.0.0.0:7235
    at Server.setupListenHandle [as _listen2] (node:net:2328:16)
    at listenInCluster (node:net:2437:12)
    at node:net:2666:7
    at process.processTicksAndRejections (node:internal/process/task_queues:90:21)
Emitted 'error' event on Server instance at:
    at emitErrorNT (node:net:2416:8)
    at process.processTicksAndRejections (node:internal/process/task_queues:90:21) {
  code: 'EADDRINUSE',
  errno: -98,
  syscall: 'listen',
  address: '0.0.0.0',
  port: 7235
}

Node.js v26.8.2
node:events:505
    throw er; // Unhandled 'error' event
    ^

Error: listen EADDRINUSE: address already in use 0.0.0.0:7234
    at Server.setupListenHandle [as _listen2] (node:net:2328:16)
    at listenInCluster (node:net:2437:12)
    at node:net:2666:7
    at process.processTicksAndRejections (node:internal/process/task_queues:90:21)
Emitted 'error' event on Server instance at:
    at emitErrorNT (node:net:2416:8)
    at process.processTicksAndRejections (node:internal/process/task_queues:90:21) {
  code: 'EADDRINUSE',
  errno: -98,
  syscall: 'listen',
  address: '0.0.0.0',
  port: 7234
}

Node.js v26.8.2
node:events:505
    throw er; // Unhandled 'error' event
    ^

Error: listen EADDRINUSE: address already in use 0.0.0.0:7237
    at Server.setupListenHandle [as _listen2] (node:net:2328:16)
    at listenInCluster (node:net:2437:12)
    at node:net:2666:7
    at process.processTicksAndRejections (node:internal/process/task_queues:90:21)
Emitted 'error' event on Server instance at:
    at emitErrorNT (node:net:2416:8)
    at process.processTicksAndRejections (node:internal/process/task_queues:90:21) {
  code: 'EADDRINUSE',
  errno: -98,
  syscall: 'listen',
  address: '0.0.0.0',
  port: 7237
}

Node.js v26.8.2
node:events:505
    throw er; // Unhandled 'error' event
    ^

Error: listen EADDRINUSE: address already in use 0.0.0.0:7236
    at Server.setupListenHandle [as _listen2] (node:net:2328:16)
    at listenInCluster (node:net:2437:12)
    at node:net:2666:7
    at process.processTicksAndRejections (node:internal/process/task_queues:90:21)
Emitted 'error' event on Server instance at:
    at emitErrorNT (node:net:2416:8)
    at process.processTicksAndRejections (node:internal/process/task_queues:90:21) {
  code: 'EADDRINUSE',
  errno: -98,
  syscall: 'listen',
  address: '0.0.0.0',
  port: 7236
}

Node.js v26.8.2
node:events:505
    throw er; // Unhandled 'error' event
    ^

Error: listen EADDRINUSE: address already in use 0.0.0.0:7238
    at Server.setupListenHandle [as _listen2] (node:net:2328:16)
    at listenInCluster (node:net:2437:12)
    at node:net:2666:7
    at process.processTicksAndRejections (node:internal/process/task_queues:90:21)
Emitted 'error' event on Server instance at:
    at emitErrorNT (node:net:2416:8)
    at process.processTicksAndRejections (node:internal/process/task_queues:90:21) {
  code: 'EADDRINUSE',
  errno: -98,
  syscall: 'listen',
  address: '0.0.0.0',
  port: 7238
}

Node.js v26.8.2
node:events:505
    throw er; // Unhandled 'error' event
    ^

Error: listen EADDRINUSE: address already in use 0.0.0.0:7239
    at Server.setupListenHandle [as _listen2] (node:net:2328:16)
    at listenInCluster (node:net:2437:12)
    at node:net:2666:7
    at process.processTicksAndRejections (node:internal/process/task_queues:90:21)
Emitted 'error' event on Server instance at:
    at emitErrorNT (node:net:2416:8)
    at process.processTicksAndRejections (node:internal/process/task_queues:90:21) {
  code: 'EADDRINUSE',
  errno: -98,
  syscall: 'listen',
  address: '0.0.0.0',
  port: 7239
}

Node.js v26.8.2
node:events:505
    throw er; // Unhandled 'error' event
    ^

Error: listen EADDRINUSE: address already in use 0.0.0.0:7240
    at Server.setupListenHandle [as _listen2] (node:net:2328:16)
    at listenInCluster (node:net:2437:12)
    at node:net:2666:7
    at process.processTicksAndRejections (node:internal/process/task_queues:90:21)
Emitted 'error' event on Server instance at:
    at emitErrorNT (node:net:2416:8)
    at process.processTicksAndRejections (node:internal/process/task_queues:90:21) {
  code: 'EADDRINUSE',
  errno: -98,
  syscall: 'listen',
  address: '0.0.0.0',
  port: 7240
}

Node.js v26.8.2
node:events:505
    throw er; // Unhandled 'error' event
    ^

Error: listen EADDRINUSE: address already in use 0.0.0.0:7241
    at Server.setupListenHandle [as _listen2] (node:net:2328:16)
    at listenInCluster (node:net:2437:12)
    at node:net:2666:7
    at process.processTicksAndRejections (node:internal/process/task_queues:90:21)
Emitted 'error' event on Server instance at:
    at emitErrorNT (node:net:2416:8)
    at process.processTicksAndRejections (node:internal/process/task_queues:90:21) {
  code: 'EADDRINUSE',
  errno: -98,
  syscall: 'listen',
  address: '0.0.0.0',
  port: 7241
}

Node.js v26.8.2
node:events:505
    throw er; // Unhandled 'error' event
    ^

Error: listen EADDRINUSE: address already in use 0.0.0.0:7242
    at Server.setupListenHandle [as _listen2] (node:net:2328:16)
    at listenInCluster (node:net:2437:12)
    at node:net:2666:7
    at process.processTicksAndRejections (node:internal/process/task_queues:90:21)
Emitted 'error' event on Server instance at:
    at emitErrorNT (node:net:2416:8)
    at process.processTicksAndRejections (node:internal/process/task_queues:90:21) {
  code: 'EADDRINUSE',
  errno: -98,
  syscall: 'listen',
  address: '0.0.0.0',
  port: 7242
}

Node.js v26.8.2
node:events:505
    throw er; // Unhandled 'error' event
    ^

Error: listen EADDRINUSE: address already in use 0.0.0.0:7243
    at Server.setupListenHandle [as _listen2] (node:net:2328:16)
    at listenInCluster (node:net:2437:12)
    at node:net:2666:7
    at process.processTicksAndRejections (node:internal/process/task_queues:90:21)
Emitted 'error' event on Server instance at:
    at emitErrorNT (node:net:2416:8)
    at process.processTicksAndRejections (node:internal/process/task_queues:90:21) {
  code: 'EADDRINUSE',
  errno: -98,
  syscall: 'listen',
  address: '0.0.0.0',
  port: 7243
}

Node.js v26.8.2
node:events:505
    throw er; // Unhandled 'error' event
    ^

Error: listen EADDRINUSE: address already in use 0.0.0.0:7244
    at Server.setupListenHandle [as _listen2] (node:net:2328:16)
    at listenInCluster (node:net:2437:12)
    at node:net:2666:7
    at process.processTicksAndRejections (node:internal/process/task_queues:90:21)
Emitted 'error' event on Server instance at:
    at emitErrorNT (node:net:2416:8)
    at process.processTicksAndRejections (node:internal/process/task_queues:90:21) {
  code: 'EADDRINUSE',
  errno: -98,
  syscall: 'listen',
  address: '0.0.0.0',
  port: 7244
}

Node.js v26.8.2
node:events:505
    throw er; // Unhandled 'error' event
    ^

Error: listen EADDRINUSE: address already in use 0.0.0.0:7245
    at Server.setupListenHandle [as _listen2] (node:net:2328:16)
    at listenInCluster (node:net:2437:12)
    at node:net:2666:7
    at process.processTicksAndRejections (node:internal/process/task_queues:90:21)
Emitted 'error' event on Server instance at:
    at emitErrorNT (node:net:2416:8)
    at process.processTicksAndRejections (node:internal/process/task_queues:90:21) {
  code: 'EADDRINUSE',
  errno: -98,
  syscall: 'listen',
  address: '0.0.0.0',
  port: 7245
}

Node.js v26.8.2
node:events:505
    throw er; // Unhandled 'error' event
    ^

Error: listen EADDRINUSE: address already in use 0.0.0.0:7246
    at Server.setupListenHandle [as _listen2] (node:net:2328:16)
    at listenInCluster (node:net:2437:12)
    at node:net:2666:7
    at process.processTicksAndRejections (node:internal/process/task_queues:90:21)
Emitted 'error' event on Server instance at:
    at emitErrorNT (node:net:2416:8)
    at process.processTicksAndRejections (node:internal/process/task_queues:90:21) {
  code: 'EADDRINUSE',
  errno: -98,
  syscall: 'listen',
  address: '0.0.0.0',
  port: 7246
}

Node.js v26.8.2
node:events:505
    throw er; // Unhandled 'error' event
    ^

Error: listen EADDRINUSE: address already in use 0.0.0.0:7247
    at Server.setupListenHandle [as _listen2] (node:net:2328:16)
    at listenInCluster (node:net:2437:12)
    at node:net:2666:7
    at process.processTicksAndRejections (node:internal/process/task_queues:90:21)
Emitted 'error' event on Server instance at:
    at emitErrorNT (node:net:2416:8)
    at process.processTicksAndRejections (node:internal/process/task_queues:90:21) {
  code: 'EADDRINUSE',
  errno: -98,
  syscall: 'listen',
  address: '0.0.0.0',
  port: 7247
}

Node.js v26.8.2
node:events:505
    throw er; // Unhandled 'error' event
    ^

Error: listen EADDRINUSE: address already in use 0.0.0.0:7248
    at Server.setupListenHandle [as _listen2] (node:net:2328:16)
    at listenInCluster (node:net:2437:12)
    at node:net:2666:7
    at process.processTicksAndRejections (node:internal/process/task_queues:90:21)
Emitted 'error' event on Server instance at:
    at emitErrorNT (node:net:2416:8)
    at process.processTicksAndRejections (node:internal/process/task_queues:90:21) {
  code: 'EADDRINUSE',
  errno: -98,
  syscall: 'listen',
  address: '0.0.0.0',
  port: 7248
}

Node.js v26.8.2
node:events:505
    throw er; // Unhandled 'error' event
    ^

Error: listen EADDRINUSE: address already in use 0.0.0.0:7249
    at Server.setupListenHandle [as _listen2] (node:net:2328:16)
    at listenInCluster (node:net:2437:12)
    at node:net:2666:7
    at process.processTicksAndRejections (node:internal/process/task_queues:90:21)
Emitted 'error' event on Server instance at:
    at emitErrorNT (node:net:2416:8)
    at process.processTicksAndRejections (node:internal/process/task_queues:90:21) {
  code: 'EADDRINUSE',
  errno: -98,
  syscall: 'listen',
  address: '0.0.0.0',
  port: 7249
}

Node.js v26.8.2
node:events:505
    throw er; // Unhandled 'error' event
    ^

Error: listen EADDRINUSE: address already in use 0.0.0.0:7250
    at Server.setupListenHandle [as _listen2] (node:net:2328:16)
    at listenInCluster (node:net:2437:12)
    at node:net:2666:7
    at process.processTicksAndRejections (node:internal/process/task_queues:90:21)
Emitted 'error' event on Server instance at:
    at emitErrorNT (node:net:2416:8)
    at process.processTicksAndRejections (node:internal/process/task_queues:90:21) {
  code: 'EADDRINUSE',
  errno: -98,
  syscall: 'listen',
  address: '0.0.0.0',
  port: 7250
}

Node.js v26.8.2
node:events:505
    throw er; // Unhandled 'error' event
    ^

Error: listen EADDRINUSE: address already in use 0.0.0.0:7251
    at Server.setupListenHandle [as _listen2] (node:net:2328:16)
    at listenInCluster (node:net:2437:12)
    at node:net:2666:7
    at process.processTicksAndRejections (node:internal/process/task_queues:90:21)
Emitted 'error' event on Server instance at:
    at emitErrorNT (node:net:2416:8)
    at process.processTicksAndRejections (node:internal/process/task_queues:90:21) {
  code: 'EADDRINUSE',
  errno: -98,
  syscall: 'listen',
  address: '0.0.0.0',
  port: 7251
}

Node.js v26.8.2
node:events:505
    throw er; // Unhandled 'error' event
    ^

Error: listen EADDRINUSE: address already in use 0.0.0.0:7252
    at Server.setupListenHandle [as _listen2] (node:net:2328:16)
    at listenInCluster (node:net:2437:12)
    at node:net:2666:7
    at process.processTicksAndRejections (node:internal/process/task_queues:90:21)
Emitted 'error' event on Server instance at:
    at emitErrorNT (node:net:2416:8)
    at process.processTicksAndRejections (node:internal/process/task_queues:90:21) {
  code: 'EADDRINUSE',
  errno: -98,
  syscall: 'listen',
  address: '0.0.0.0',
  port: 7252
}

Node.js v26.8.2
node:events:505
    throw er; // Unhandled 'error' event
    ^

Error: listen EADDRINUSE: address already in use 0.0.0.0:7253
    at Server.setupListenHandle [as _listen2] (node:net:2328:16)
    at listenInCluster (node:net:2437:12)
    at node:net:2666:7
    at process.processTicksAndRejections (node:internal/process/task_queues:90:21)
Emitted 'error' event on Server instance at:
    at emitErrorNT (node:net:2416:8)
    at process.processTicksAndRejections (node:internal/process/task_queues:90:21) {
  code: 'EADDRINUSE',
  errno: -98,
  syscall: 'listen',
  address: '0.0.0.0',
  port: 7253
}

Node.js v26.8.2
node:events:505
    throw er; // Unhandled 'error' event
    ^

Error: listen EADDRINUSE: address already in use 0.0.0.0:7230
    at Server.setupListenHandle [as _listen2] (node:net:2328:16)
    at listenInCluster (node:net:2437:12)
    at node:net:2666:7
    at process.processTicksAndRejections (node:internal/process/task_queues:90:21)
Emitted 'error' event on Server instance at:
    at emitErrorNT (node:net:2416:8)
    at process.processTicksAndRejections (node:internal/process/task_queues:90:21) {
  code: 'EADDRINUSE',
  errno: -98,
  syscall: 'listen',
  address: '0.0.0.0',
  port: 7230
}

Node.js v26.8.2
node:events:505
    throw er; // Unhandled 'error' event
    ^

Error: listen EADDRINUSE: address already in use 0.0.0.0:7231
    at Server.setupListenHandle [as _listen2] (node:net:2328:16)
    at listenInCluster (node:net:2437:12)
    at node:net:2666:7
    at process.processTicksAndRejections (node:internal/process/task_queues:90:21)
Emitted 'error' event on Server instance at:
    at emitErrorNT (node:net:2416:8)
    at process.processTicksAndRejections (node:internal/process/task_queues:90:21) {
  code: 'EADDRINUSE',
  errno: -98,
  syscall: 'listen',
  address: '0.0.0.0',
  port: 7231
}

Node.js v26.8.2
node:events:505
    throw er; // Unhandled 'error' event
    ^

Error: listen EADDRINUSE: address already in use 0.0.0.0:7233
    at Server.setupListenHandle [as _listen2] (node:net:2328:16)
    at listenInCluster (node:net:2437:12)
    at node:net:2666:7
    at process.processTicksAndRejections (node:internal/process/task_queues:90:21)
Emitted 'error' event on Server instance at:
    at emitErrorNT (node:net:2416:8)
    at process.processTicksAndRejections (node:internal/process/task_queues:90:21) {
  code: 'EADDRINUSE',
  errno: -98,
  syscall: 'listen',
  address: '0.0.0.0',
  port: 7233
}

Node.js v26.8.2
node:events:505
    throw er; // Unhandled 'error' event
    ^

Error: listen EADDRINUSE: address already in use 0.0.0.0:7232
    at Server.setupListenHandle [as _listen2] (node:net:2328:16)
    at listenInCluster (node:net:2437:12)
    at node:net:2666:7
    at process.processTicksAndRejections (node:internal/process/task_queues:90:21)
Emitted 'error' event on Server instance at:
    at emitErrorNT (node:net:2416:8)
    at process.processTicksAndRejections (node:internal/process/task_queues:90:21) {
  code: 'EADDRINUSE',
  errno: -98,
  syscall: 'listen',
  address: '0.0.0.0',
  port: 7232
}

Node.js v26.8.2
node:events:505
    throw er; // Unhandled 'error' event
    ^

Error: listen EADDRINUSE: address already in use 0.0.0.0:7234
    at Server.setupListenHandle [as _listen2] (node:net:2328:16)
    at listenInCluster (node:net:2437:12)
    at node:net:2666:7
    at process.processTicksAndRejections (node:internal/process/task_queues:90:21)
Emitted 'error' event on Server instance at:
    at emitErrorNT (node:net:2416:8)
    at process.processTicksAndRejections (node:internal/process/task_queues:90:21) {
  code: 'EADDRINUSE',
  errno: -98,
  syscall: 'listen',
  address: '0.0.0.0',
  port: 7234
}

Node.js v26.8.2
node:events:505
    throw er; // Unhandled 'error' event
    ^

Error: listen EADDRINUSE: address already in use 0.0.0.0:7235
    at Server.setupListenHandle [as _listen2] (node:net:2328:16)
    at listenInCluster (node:net:2437:12)
    at node:net:2666:7
    at process.processTicksAndRejections (node:internal/process/task_queues:90:21)
Emitted 'error' event on Server instance at:
    at emitErrorNT (node:net:2416:8)
    at process.processTicksAndRejections (node:internal/process/task_queues:90:21) {
  code: 'EADDRINUSE',
  errno: -98,
  syscall: 'listen',
  address: '0.0.0.0',
  port: 7235
}

Node.js v26.8.2
node:events:505
    throw er; // Unhandled 'error' event
    ^

Error: listen EADDRINUSE: address already in use 0.0.0.0:7236
    at Server.setupListenHandle [as _listen2] (node:net:2328:16)
    at listenInCluster (node:net:2437:12)
    at node:net:2666:7
    at process.processTicksAndRejections (node:internal/process/task_queues:90:21)
Emitted 'error' event on Server instance at:
    at emitErrorNT (node:net:2416:8)
    at process.processTicksAndRejections (node:internal/process/task_queues:90:21) {
  code: 'EADDRINUSE',
  errno: -98,
  syscall: 'listen',
  address: '0.0.0.0',
  port: 7236
}

Node.js v26.8.2
node:events:505
    throw er; // Unhandled 'error' event
    ^

Error: listen EADDRINUSE: address already in use 0.0.0.0:7237
    at Server.setupListenHandle [as _listen2] (node:net:2328:16)
    at listenInCluster (node:net:2437:12)
    at node:net:2666:7
    at process.processTicksAndRejections (node:internal/process/task_queues:90:21)
Emitted 'error' event on Server instance at:
    at emitErrorNT (node:net:2416:8)
    at process.processTicksAndRejections (node:internal/process/task_queues:90:21) {
  code: 'EADDRINUSE',
  errno: -98,
  syscall: 'listen',
  address: '0.0.0.0',
  port: 7237
}

Node.js v26.8.2
node:events:505
    throw er; // Unhandled 'error' event
    ^

Error: listen EADDRINUSE: address already in use 0.0.0.0:7238
    at Server.setupListenHandle [as _listen2] (node:net:2328:16)
    at listenInCluster (node:net:2437:12)
    at node:net:2666:7
    at process.processTicksAndRejections (node:internal/process/task_queues:90:21)
Emitted 'error' event on Server instance at:
    at emitErrorNT (node:net:2416:8)
    at process.processTicksAndRejections (node:internal/process/task_queues:90:21) {
  code: 'EADDRINUSE',
  errno: -98,
  syscall: 'listen',
  address: '0.0.0.0',
  port: 7238
}

Node.js v26.8.2
node:events:505
    throw er; // Unhandled 'error' event
    ^

Error: listen EADDRINUSE: address already in use 0.0.0.0:7239
    at Server.setupListenHandle [as _listen2] (node:net:2328:16)
    at listenInCluster (node:net:2437:12)
    at node:net:2666:7
    at process.processTicksAndRejections (node:internal/process/task_queues:90:21)
Emitted 'error' event on Server instance at:
    at emitErrorNT (node:net:2416:8)
    at process.processTicksAndRejections (node:internal/process/task_queues:90:21) {
  code: 'EADDRINUSE',
  errno: -98,
  syscall: 'listen',
  address: '0.0.0.0',
  port: 7239
}

Node.js v26.8.2
node:events:505
    throw er; // Unhandled 'error' event
    ^

Error: listen EADDRINUSE: address already in use 0.0.0.0:7240
    at Server.setupListenHandle [as _listen2] (node:net:2328:16)
    at listenInCluster (node:net:2437:12)
    at node:net:2666:7
    at process.processTicksAndRejections (node:internal/process/task_queues:90:21)
Emitted 'error' event on Server instance at:
    at emitErrorNT (node:net:2416:8)
    at process.processTicksAndRejections (node:internal/process/task_queues:90:21) {
  code: 'EADDRINUSE',
  errno: -98,
  syscall: 'listen',
  address: '0.0.0.0',
  port: 7240
}

Node.js v26.8.2
node:events:505
    throw er; // Unhandled 'error' event
    ^

Error: listen EADDRINUSE: address already in use 0.0.0.0:7241
    at Server.setupListenHandle [as _listen2] (node:net:2328:16)
    at listenInCluster (node:net:2437:12)
    at node:net:2666:7
    at process.processTicksAndRejections (node:internal/process/task_queues:90:21)
Emitted 'error' event on Server instance at:
    at emitErrorNT (node:net:2416:8)
    at process.processTicksAndRejections (node:internal/process/task_queues:90:21) {
  code: 'EADDRINUSE',
  errno: -98,
  syscall: 'listen',
  address: '0.0.0.0',
  port: 7241
}

Node.js v26.8.2
node:events:505
    throw er; // Unhandled 'error' event
    ^

Error: listen EADDRINUSE: address already in use 0.0.0.0:7242
    at Server.setupListenHandle [as _listen2] (node:net:2328:16)
    at listenInCluster (node:net:2437:12)
    at node:net:2666:7
    at process.processTicksAndRejections (node:internal/process/task_queues:90:21)
Emitted 'error' event on Server instance at:
    at emitErrorNT (node:net:2416:8)
    at process.processTicksAndRejections (node:internal/process/task_queues:90:21) {
  code: 'EADDRINUSE',
  errno: -98,
  syscall: 'listen',
  address: '0.0.0.0',
  port: 7242
}

Node.js v26.8.2
node:events:505
    throw er; // Unhandled 'error' event
    ^

Error: listen EADDRINUSE: address already in use 0.0.0.0:7243
    at Server.setupListenHandle [as _listen2] (node:net:2328:16)
    at listenInCluster (node:net:2437:12)
    at node:net:2666:7
    at process.processTicksAndRejections (node:internal/process/task_queues:90:21)
Emitted 'error' event on Server instance at:
    at emitErrorNT (node:net:2416:8)
    at process.processTicksAndRejections (node:internal/process/task_queues:90:21) {
  code: 'EADDRINUSE',
  errno: -98,
  syscall: 'listen',
  address: '0.0.0.0',
  port: 7243
}

Node.js v26.8.2
node:events:505
    throw er; // Unhandled 'error' event
    ^

Error: listen EADDRINUSE: address already in use 0.0.0.0:7244
    at Server.setupListenHandle [as _listen2] (node:net:2328:16)
    at listenInCluster (node:net:2437:12)
    at node:net:2666:7
    at process.processTicksAndRejections (node:internal/process/task_queues:90:21)
Emitted 'error' event on Server instance at:
    at emitErrorNT (node:net:2416:8)
    at process.processTicksAndRejections (node:internal/process/task_queues:90:21) {
  code: 'EADDRINUSE',
  errno: -98,
  syscall: 'listen',
  address: '0.0.0.0',
  port: 7244
}

Node.js v26.8.2
node:events:505
    throw er; // Unhandled 'error' event
    ^

Error: listen EADDRINUSE: address already in use 0.0.0.0:7245
    at Server.setupListenHandle [as _listen2] (node:net:2328:16)
    at listenInCluster (node:net:2437:12)
    at node:net:2666:7
    at process.processTicksAndRejections (node:internal/process/task_queues:90:21)
Emitted 'error' event on Server instance at:
    at emitErrorNT (node:net:2416:8)
    at process.processTicksAndRejections (node:internal/process/task_queues:90:21) {
  code: 'EADDRINUSE',
  errno: -98,
  syscall: 'listen',
  address: '0.0.0.0',
  port: 7245
}

Node.js v26.8.2
node:events:505
    throw er; // Unhandled 'error' event
    ^

Error: listen EADDRINUSE: address already in use 0.0.0.0:7246
    at Server.setupListenHandle [as _listen2] (node:net:2328:16)
    at listenInCluster (node:net:2437:12)
    at node:net:2666:7
    at process.processTicksAndRejections (node:internal/process/task_queues:90:21)
Emitted 'error' event on Server instance at:
    at emitErrorNT (node:net:2416:8)
    at process.processTicksAndRejections (node:internal/process/task_queues:90:21) {
  code: 'EADDRINUSE',
  errno: -98,
  syscall: 'listen',
  address: '0.0.0.0',
  port: 7246
}

Node.js v26.8.2
node:events:505
    throw er; // Unhandled 'error' event
    ^

Error: listen EADDRINUSE: address already in use 0.0.0.0:7247
    at Server.setupListenHandle [as _listen2] (node:net:2328:16)
    at listenInCluster (node:net:2437:12)
    at node:net:2666:7
    at process.processTicksAndRejections (node:internal/process/task_queues:90:21)
Emitted 'error' event on Server instance at:
    at emitErrorNT (node:net:2416:8)
    at process.processTicksAndRejections (node:internal/process/task_queues:90:21) {
  code: 'EADDRINUSE',
  errno: -98,
  syscall: 'listen',
  address: '0.0.0.0',
  port: 7247
}

Node.js v26.8.2
node:events:505
    throw er; // Unhandled 'error' event
    ^

Error: listen EADDRINUSE: address already in use 0.0.0.0:7248
    at Server.setupListenHandle [as _listen2] (node:net:2328:16)
    at listenInCluster (node:net:2437:12)
    at node:net:2666:7
    at process.processTicksAndRejections (node:internal/process/task_queues:90:21)
Emitted 'error' event on Server instance at:
    at emitErrorNT (node:net:2416:8)
    at process.processTicksAndRejections (node:internal/process/task_queues:90:21) {
  code: 'EADDRINUSE',
  errno: -98,
  syscall: 'listen',
  address: '0.0.0.0',
  port: 7248
}

Node.js v26.8.2
node:events:505
    throw er; // Unhandled 'error' event
    ^

Error: listen EADDRINUSE: address already in use 0.0.0.0:7249
    at Server.setupListenHandle [as _listen2] (node:net:2328:16)
    at listenInCluster (node:net:2437:12)
    at node:net:2666:7
    at process.processTicksAndRejections (node:internal/process/task_queues:90:21)
Emitted 'error' event on Server instance at:
    at emitErrorNT (node:net:2416:8)
    at process.processTicksAndRejections (node:internal/process/task_queues:90:21) {
  code: 'EADDRINUSE',
  errno: -98,
  syscall: 'listen',
  address: '0.0.0.0',
  port: 7249
}

Node.js v26.8.2
node:events:505
    throw er; // Unhandled 'error' event
    ^

Error: listen EADDRINUSE: address already in use 0.0.0.0:7250
    at Server.setupListenHandle [as _listen2] (node:net:2328:16)
    at listenInCluster (node:net:2437:12)
    at node:net:2666:7
    at process.processTicksAndRejections (node:internal/process/task_queues:90:21)
Emitted 'error' event on Server instance at:
    at emitErrorNT (node:net:2416:8)
    at process.processTicksAndRejections (node:internal/process/task_queues:90:21) {
  code: 'EADDRINUSE',
  errno: -98,
  syscall: 'listen',
  address: '0.0.0.0',
  port: 7250
}

Node.js v26.8.2
node:events:505
    throw er; // Unhandled 'error' event
    ^

Error: listen EADDRINUSE: address already in use 0.0.0.0:7251
    at Server.setupListenHandle [as _listen2] (node:net:2328:16)
    at listenInCluster (node:net:2437:12)
    at node:net:2666:7
    at process.processTicksAndRejections (node:internal/process/task_queues:90:21)
Emitted 'error' event on Server instance at:
    at emitErrorNT (node:net:2416:8)
    at process.processTicksAndRejections (node:internal/process/task_queues:90:21) {
  code: 'EADDRINUSE',
  errno: -98,
  syscall: 'listen',
  address: '0.0.0.0',
  port: 7251
}

Node.js v26.8.2
node:events:505
    throw er; // Unhandled 'error' event
    ^

Error: listen EADDRINUSE: address already in use 0.0.0.0:7252
    at Server.setupListenHandle [as _listen2] (node:net:2328:16)
    at listenInCluster (node:net:2437:12)
    at node:net:2666:7
    at process.processTicksAndRejections (node:internal/process/task_queues:90:21)
Emitted 'error' event on Server instance at:
    at emitErrorNT (node:net:2416:8)
    at process.processTicksAndRejections (node:internal/process/task_queues:90:21) {
  code: 'EADDRINUSE',
  errno: -98,
  syscall: 'listen',
  address: '0.0.0.0',
  port: 7252
}

Node.js v26.8.2
node:events:505
    throw er; // Unhandled 'error' event
    ^

Error: listen EADDRINUSE: address already in use 0.0.0.0:7253
    at Server.setupListenHandle [as _listen2] (node:net:2328:16)
    at listenInCluster (node:net:2437:12)
    at node:net:2666:7
    at process.processTicksAndRejections (node:internal/process/task_queues:90:21)
Emitted 'error' event on Server instance at:
    at emitErrorNT (node:net:2416:8)
    at process.processTicksAndRejections (node:internal/process/task_queues:90:21) {
  code: 'EADDRINUSE',
  errno: -98,
  syscall: 'listen',
  address: '0.0.0.0',
  port: 7253
}

Node.js v26.8.2
node:events:505
    throw er; // Unhandled 'error' event
    ^

Error: listen EADDRINUSE: address already in use 0.0.0.0:7230
    at Server.setupListenHandle [as _listen2] (node:net:2328:16)
    at listenInCluster (node:net:2437:12)
    at node:net:2666:7
    at process.processTicksAndRejections (node:internal/process/task_queues:90:21)
Emitted 'error' event on Server instance at:
    at emitErrorNT (node:net:2416:8)
    at process.processTicksAndRejections (node:internal/process/task_queues:90:21) {
  code: 'EADDRINUSE',
  errno: -98,
  syscall: 'listen',
  address: '0.0.0.0',
  port: 7230
}

Node.js v26.8.2
node:events:505
    throw er; // Unhandled 'error' event
    ^

Error: listen EADDRINUSE: address already in use 0.0.0.0:7231
    at Server.setupListenHandle [as _listen2] (node:net:2328:16)
    at listenInCluster (node:net:2437:12)
    at node:net:2666:7
    at process.processTicksAndRejections (node:internal/process/task_queues:90:21)
Emitted 'error' event on Server instance at:
    at emitErrorNT (node:net:2416:8)
    at process.processTicksAndRejections (node:internal/process/task_queues:90:21) {
  code: 'EADDRINUSE',
  errno: -98,
  syscall: 'listen',
  address: '0.0.0.0',
  port: 7231
}

Node.js v26.8.2
node:events:505
    throw er; // Unhandled 'error' event
    ^

Error: listen EADDRINUSE: address already in use 0.0.0.0:7233
    at Server.setupListenHandle [as _listen2] (node:net:2328:16)
    at listenInCluster (node:net:2437:12)
    at node:net:2666:7
    at process.processTicksAndRejections (node:internal/process/task_queues:90:21)
Emitted 'error' event on Server instance at:
    at emitErrorNT (node:net:2416:8)
    at process.processTicksAndRejections (node:internal/process/task_queues:90:21) {
  code: 'EADDRINUSE',
  errno: -98,
  syscall: 'listen',
  address: '0.0.0.0',
  port: 7233
}

Node.js v26.8.2
node:events:505
    throw er; // Unhandled 'error' event
    ^

Error: listen EADDRINUSE: address already in use 0.0.0.0:7232
    at Server.setupListenHandle [as _listen2] (node:net:2328:16)
    at listenInCluster (node:net:2437:12)
    at node:net:2666:7
    at process.processTicksAndRejections (node:internal/process/task_queues:90:21)
Emitted 'error' event on Server instance at:
    at emitErrorNT (node:net:2416:8)
    at process.processTicksAndRejections (node:internal/process/task_queues:90:21) {
  code: 'EADDRINUSE',
  errno: -98,
  syscall: 'listen',
  address: '0.0.0.0',
  port: 7232
}

Node.js v26.8.2
node:events:505
    throw er; // Unhandled 'error' event
    ^

Error: listen EADDRINUSE: address already in use 0.0.0.0:7234
    at Server.setupListenHandle [as _listen2] (node:net:2328:16)
    at listenInCluster (node:net:2437:12)
    at node:net:2666:7
    at process.processTicksAndRejections (node:internal/process/task_queues:90:21)
Emitted 'error' event on Server instance at:
    at emitErrorNT (node:net:2416:8)
    at process.processTicksAndRejections (node:internal/process/task_queues:90:21) {
  code: 'EADDRINUSE',
  errno: -98,
  syscall: 'listen',
  address: '0.0.0.0',
  port: 7234
}

Node.js v26.8.2
node:events:505
    throw er; // Unhandled 'error' event
    ^

Error: listen EADDRINUSE: address already in use 0.0.0.0:7235
    at Server.setupListenHandle [as _listen2] (node:net:2328:16)
    at listenInCluster (node:net:2437:12)
    at node:net:2666:7
    at process.processTicksAndRejections (node:internal/process/task_queues:90:21)
Emitted 'error' event on Server instance at:
    at emitErrorNT (node:net:2416:8)
    at process.processTicksAndRejections (node:internal/process/task_queues:90:21) {
  code: 'EADDRINUSE',
  errno: -98,
  syscall: 'listen',
  address: '0.0.0.0',
  port: 7235
}

Node.js v26.8.2
node:events:505
    throw er; // Unhandled 'error' event
    ^

Error: listen EADDRINUSE: address already in use 0.0.0.0:7236
    at Server.setupListenHandle [as _listen2] (node:net:2328:16)
    at listenInCluster (node:net:2437:12)
    at node:net:2666:7
    at process.processTicksAndRejections (node:internal/process/task_queues:90:21)
Emitted 'error' event on Server instance at:
    at emitErrorNT (node:net:2416:8)
    at process.processTicksAndRejections (node:internal/process/task_queues:90:21) {
  code: 'EADDRINUSE',
  errno: -98,
  syscall: 'listen',
  address: '0.0.0.0',
  port: 7236
}

Node.js v26.8.2
node:events:505
    throw er; // Unhandled 'error' event
    ^

Error: listen EADDRINUSE: address already in use 0.0.0.0:7237
    at Server.setupListenHandle [as _listen2] (node:net:2328:16)
    at listenInCluster (node:net:2437:12)
    at node:net:2666:7
    at process.processTicksAndRejections (node:internal/process/task_queues:90:21)
Emitted 'error' event on Server instance at:
    at emitErrorNT (node:net:2416:8)
    at process.processTicksAndRejections (node:internal/process/task_queues:90:21) {
  code: 'EADDRINUSE',
  errno: -98,
  syscall: 'listen',
  address: '0.0.0.0',
  port: 7237
}

Node.js v26.8.2
node:events:505
    throw er; // Unhandled 'error' event
    ^

Error: listen EADDRINUSE: address already in use 0.0.0.0:7238
    at Server.setupListenHandle [as _listen2] (node:net:2328:16)
    at listenInCluster (node:net:2437:12)
    at node:net:2666:7
    at process.processTicksAndRejections (node:internal/process/task_queues:90:21)
Emitted 'error' event on Server instance at:
    at emitErrorNT (node:net:2416:8)
    at process.processTicksAndRejections (node:internal/process/task_queues:90:21) {
  code: 'EADDRINUSE',
  errno: -98,
  syscall: 'listen',
  address: '0.0.0.0',
  port: 7238
}

Node.js v26.8.2
node:events:505
    throw er; // Unhandled 'error' event
    ^

Error: listen EADDRINUSE: address already in use 0.0.0.0:7239
    at Server.setupListenHandle [as _listen2] (node:net:2328:16)
    at listenInCluster (node:net:2437:12)
    at node:net:2666:7
    at process.processTicksAndRejections (node:internal/process/task_queues:90:21)
Emitted 'error' event on Server instance at:
    at emitErrorNT (node:net:2416:8)
    at process.processTicksAndRejections (node:internal/process/task_queues:90:21) {
  code: 'EADDRINUSE',
  errno: -98,
  syscall: 'listen',
  address: '0.0.0.0',
  port: 7239
}

Node.js v26.8.2
node:events:505
    throw er; // Unhandled 'error' event
    ^

Error: listen EADDRINUSE: address already in use 0.0.0.0:7240
    at Server.setupListenHandle [as _listen2] (node:net:2328:16)
    at listenInCluster (node:net:2437:12)
    at node:net:2666:7
    at process.processTicksAndRejections (node:internal/process/task_queues:90:21)
Emitted 'error' event on Server instance at:
    at emitErrorNT (node:net:2416:8)
    at process.processTicksAndRejections (node:internal/process/task_queues:90:21) {
  code: 'EADDRINUSE',
  errno: -98,
  syscall: 'listen',
  address: '0.0.0.0',
  port: 7240
}

Node.js v26.8.2
node:events:505
    throw er; // Unhandled 'error' event
    ^

Error: listen EADDRINUSE: address already in use 0.0.0.0:7241
    at Server.setupListenHandle [as _listen2] (node:net:2328:16)
    at listenInCluster (node:net:2437:12)
    at node:net:2666:7
    at process.processTicksAndRejections (node:internal/process/task_queues:90:21)
Emitted 'error' event on Server instance at:
    at emitErrorNT (node:net:2416:8)
    at process.processTicksAndRejections (node:internal/process/task_queues:90:21) {
  code: 'EADDRINUSE',
  errno: -98,
  syscall: 'listen',
  address: '0.0.0.0',
  port: 7241
}

Node.js v26.8.2
node:events:505
    throw er; // Unhandled 'error' event
    ^

Error: listen EADDRINUSE: address already in use 0.0.0.0:7242
    at Server.setupListenHandle [as _listen2] (node:net:2328:16)
    at listenInCluster (node:net:2437:12)
    at node:net:2666:7
    at process.processTicksAndRejections (node:internal/process/task_queues:90:21)
Emitted 'error' event on Server instance at:
    at emitErrorNT (node:net:2416:8)
    at process.processTicksAndRejections (node:internal/process/task_queues:90:21) {
  code: 'EADDRINUSE',
  errno: -98,
  syscall: 'listen',
  address: '0.0.0.0',
  port: 7242
}

Node.js v26.8.2
node:events:505
    throw er; // Unhandled 'error' event
    ^

Error: listen EADDRINUSE: address already in use 0.0.0.0:7243
    at Server.setupListenHandle [as _listen2] (node:net:2328:16)
    at listenInCluster (node:net:2437:12)
    at node:net:2666:7
    at process.processTicksAndRejections (node:internal/process/task_queues:90:21)
Emitted 'error' event on Server instance at:
    at emitErrorNT (node:net:2416:8)
    at process.processTicksAndRejections (node:internal/process/task_queues:90:21) {
  code: 'EADDRINUSE',
  errno: -98,
  syscall: 'listen',
  address: '0.0.0.0',
  port: 7243
}

Node.js v26.8.2
node:events:505
    throw er; // Unhandled 'error' event
    ^

Error: listen EADDRINUSE: address already in use 0.0.0.0:7244
    at Server.setupListenHandle [as _listen2] (node:net:2328:16)
    at listenInCluster (node:net:2437:12)
    at node:net:2666:7
    at process.processTicksAndRejections (node:internal/process/task_queues:90:21)
Emitted 'error' event on Server instance at:
    at emitErrorNT (node:net:2416:8)
    at process.processTicksAndRejections (node:internal/process/task_queues:90:21) {
  code: 'EADDRINUSE',
  errno: -98,
  syscall: 'listen',
  address: '0.0.0.0',
  port: 7244
}

Node.js v26.8.2
node:events:505
    throw er; // Unhandled 'error' event
    ^

Error: listen EADDRINUSE: address already in use 0.0.0.0:7245
    at Server.setupListenHandle [as _listen2] (node:net:2328:16)
    at listenInCluster (node:net:2437:12)
    at node:net:2666:7
    at process.processTicksAndRejections (node:internal/process/task_queues:90:21)
Emitted 'error' event on Server instance at:
    at emitErrorNT (node:net:2416:8)
    at process.processTicksAndRejections (node:internal/process/task_queues:90:21) {
  code: 'EADDRINUSE',
  errno: -98,
  syscall: 'listen',
  address: '0.0.0.0',
  port: 7245
}

Node.js v26.8.2
node:events:505
    throw er; // Unhandled 'error' event
    ^

Error: listen EADDRINUSE: address already in use 0.0.0.0:7246
    at Server.setupListenHandle [as _listen2] (node:net:2328:16)
    at listenInCluster (node:net:2437:12)
    at node:net:2666:7
    at process.processTicksAndRejections (node:internal/process/task_queues:90:21)
Emitted 'error' event on Server instance at:
    at emitErrorNT (node:net:2416:8)
    at process.processTicksAndRejections (node:internal/process/task_queues:90:21) {
  code: 'EADDRINUSE',
  errno: -98,
  syscall: 'listen',
  address: '0.0.0.0',
  port: 7246
}

Node.js v26.8.2
node:events:505
    throw er; // Unhandled 'error' event
    ^

Error: listen EADDRINUSE: address already in use 0.0.0.0:7247
    at Server.setupListenHandle [as _listen2] (node:net:2328:16)
    at listenInCluster (node:net:2437:12)
    at node:net:2666:7
    at process.processTicksAndRejections (node:internal/process/task_queues:90:21)
Emitted 'error' event on Server instance at:
    at emitErrorNT (node:net:2416:8)
    at process.processTicksAndRejections (node:internal/process/task_queues:90:21) {
  code: 'EADDRINUSE',
  errno: -98,
  syscall: 'listen',
  address: '0.0.0.0',
  port: 7247
}

Node.js v26.8.2
node:events:505
    throw er; // Unhandled 'error' event
    ^

Error: listen EADDRINUSE: address already in use 0.0.0.0:7248
    at Server.setupListenHandle [as _listen2] (node:net:2328:16)
    at listenInCluster (node:net:2437:12)
    at node:net:2666:7
    at process.processTicksAndRejections (node:internal/process/task_queues:90:21)
Emitted 'error' event on Server instance at:
    at emitErrorNT (node:net:2416:8)
    at process.processTicksAndRejections (node:internal/process/task_queues:90:21) {
  code: 'EADDRINUSE',
  errno: -98,
  syscall: 'listen',
  address: '0.0.0.0',
  port: 7248
}

Node.js v26.8.2
node:events:505
    throw er; // Unhandled 'error' event
    ^

Error: listen EADDRINUSE: address already in use 0.0.0.0:7249
    at Server.setupListenHandle [as _listen2] (node:net:2328:16)
    at listenInCluster (node:net:2437:12)
    at node:net:2666:7
    at process.processTicksAndRejections (node:internal/process/task_queues:90:21)
Emitted 'error' event on Server instance at:
    at emitErrorNT (node:net:2416:8)
    at process.processTicksAndRejections (node:internal/process/task_queues:90:21) {
  code: 'EADDRINUSE',
  errno: -98,
  syscall: 'listen',
  address: '0.0.0.0',
  port: 7249
}

Node.js v26.8.2
node:events:505
    throw er; // Unhandled 'error' event
    ^

Error: listen EADDRINUSE: address already in use 0.0.0.0:7250
    at Server.setupListenHandle [as _listen2] (node:net:2328:16)
    at listenInCluster (node:net:2437:12)
    at node:net:2666:7
    at process.processTicksAndRejections (node:internal/process/task_queues:90:21)
Emitted 'error' event on Server instance at:
    at emitErrorNT (node:net:2416:8)
    at process.processTicksAndRejections (node:internal/process/task_queues:90:21) {
  code: 'EADDRINUSE',
  errno: -98,
  syscall: 'listen',
  address: '0.0.0.0',
  port: 7250
}

Node.js v26.8.2
node:events:505
    throw er; // Unhandled 'error' event
    ^

Error: listen EADDRINUSE: address already in use 0.0.0.0:7251
    at Server.setupListenHandle [as _listen2] (node:net:2328:16)
    at listenInCluster (node:net:2437:12)
    at node:net:2666:7
    at process.processTicksAndRejections (node:internal/process/task_queues:90:21)
Emitted 'error' event on Server instance at:
    at emitErrorNT (node:net:2416:8)
    at process.processTicksAndRejections (node:internal/process/task_queues:90:21) {
  code: 'EADDRINUSE',
  errno: -98,
  syscall: 'listen',
  address: '0.0.0.0',
  port: 7251
}

Node.js v26.8.2
node:events:505
    throw er; // Unhandled 'error' event
    ^

Error: listen EADDRINUSE: address already in use 0.0.0.0:7252
    at Server.setupListenHandle [as _listen2] (node:net:2328:16)
    at listenInCluster (node:net:2437:12)
    at node:net:2666:7
    at process.processTicksAndRejections (node:internal/process/task_queues:90:21)
Emitted 'error' event on Server instance at:
    at emitErrorNT (node:net:2416:8)
    at process.processTicksAndRejections (node:internal/process/task_queues:90:21) {
  code: 'EADDRINUSE',
  errno: -98,
  syscall: 'listen',
  address: '0.0.0.0',
  port: 7252
}

Node.js v26.8.2
node:events:505
    throw er; // Unhandled 'error' event
    ^

Error: listen EADDRINUSE: address already in use 0.0.0.0:7253
    at Server.setupListenHandle [as _listen2] (node:net:2328:16)
    at listenInCluster (node:net:2437:12)
    at node:net:2666:7
    at process.processTicksAndRejections (node:internal/process/task_queues:90:21)
Emitted 'error' event on Server instance at:
    at emitErrorNT (node:net:2416:8)
    at process.processTicksAndRejections (node:internal/process/task_queues:90:21) {
  code: 'EADDRINUSE',
  errno: -98,
  syscall: 'listen',
  address: '0.0.0.0',
  port: 7253
}

Node.js v26.8.2
node:events:505
    throw er; // Unhandled 'error' event
    ^

Error: listen EADDRINUSE: address already in use 0.0.0.0:7230
    at Server.setupListenHandle [as _listen2] (node:net:2328:16)
    at listenInCluster (node:net:2437:12)
    at node:net:2666:7
    at process.processTicksAndRejections (node:internal/process/task_queues:90:21)
Emitted 'error' event on Server instance at:
    at emitErrorNT (node:net:2416:8)
    at process.processTicksAndRejections (node:internal/process/task_queues:90:21) {
  code: 'EADDRINUSE',
  errno: -98,
  syscall: 'listen',
  address: '0.0.0.0',
  port: 7230
}

Node.js v26.8.2
node:events:505
    throw er; // Unhandled 'error' event
    ^

Error: listen EADDRINUSE: address already in use 0.0.0.0:7231
    at Server.setupListenHandle [as _listen2] (node:net:2328:16)
    at listenInCluster (node:net:2437:12)
    at node:net:2666:7
    at process.processTicksAndRejections (node:internal/process/task_queues:90:21)
Emitted 'error' event on Server instance at:
    at emitErrorNT (node:net:2416:8)
    at process.processTicksAndRejections (node:internal/process/task_queues:90:21) {
  code: 'EADDRINUSE',
  errno: -98,
  syscall: 'listen',
  address: '0.0.0.0',
  port: 7231
}

Node.js v26.8.2
node:events:505
    throw er; // Unhandled 'error' event
    ^

Error: listen EADDRINUSE: address already in use 0.0.0.0:7233
    at Server.setupListenHandle [as _listen2] (node:net:2328:16)
    at listenInCluster (node:net:2437:12)
    at node:net:2666:7
    at process.processTicksAndRejections (node:internal/process/task_queues:90:21)
Emitted 'error' event on Server instance at:
    at emitErrorNT (node:net:2416:8)
    at process.processTicksAndRejections (node:internal/process/task_queues:90:21) {
  code: 'EADDRINUSE',
  errno: -98,
  syscall: 'listen',
  address: '0.0.0.0',
  port: 7233
}

Node.js v26.8.2
node:events:505
    throw er; // Unhandled 'error' event
    ^

Error: listen EADDRINUSE: address already in use 0.0.0.0:7232
    at Server.setupListenHandle [as _listen2] (node:net:2328:16)
    at listenInCluster (node:net:2437:12)
    at node:net:2666:7
    at process.processTicksAndRejections (node:internal/process/task_queues:90:21)
Emitted 'error' event on Server instance at:
    at emitErrorNT (node:net:2416:8)
    at process.processTicksAndRejections (node:internal/process/task_queues:90:21) {
  code: 'EADDRINUSE',
  errno: -98,
  syscall: 'listen',
  address: '0.0.0.0',
  port: 7232
}

Node.js v26.8.2
node:events:505
    throw er; // Unhandled 'error' event
    ^

Error: listen EADDRINUSE: address already in use 0.0.0.0:7234
    at Server.setupListenHandle [as _listen2] (node:net:2328:16)
    at listenInCluster (node:net:2437:12)
    at node:net:2666:7
    at process.processTicksAndRejections (node:internal/process/task_queues:90:21)
Emitted 'error' event on Server instance at:
    at emitErrorNT (node:net:2416:8)
    at process.processTicksAndRejections (node:internal/process/task_queues:90:21) {
  code: 'EADDRINUSE',
  errno: -98,
  syscall: 'listen',
  address: '0.0.0.0',
  port: 7234
}

Node.js v26.8.2
node:events:505
    throw er; // Unhandled 'error' event
    ^

Error: listen EADDRINUSE: address already in use 0.0.0.0:7235
    at Server.setupListenHandle [as _listen2] (node:net:2328:16)
    at listenInCluster (node:net:2437:12)
    at node:net:2666:7
    at process.processTicksAndRejections (node:internal/process/task_queues:90:21)
Emitted 'error' event on Server instance at:
    at emitErrorNT (node:net:2416:8)
    at process.processTicksAndRejections (node:internal/process/task_queues:90:21) {
  code: 'EADDRINUSE',
  errno: -98,
  syscall: 'listen',
  address: '0.0.0.0',
  port: 7235
}

Node.js v26.8.2
node:events:505
    throw er; // Unhandled 'error' event
    ^

Error: listen EADDRINUSE: address already in use 0.0.0.0:7236
    at Server.setupListenHandle [as _listen2] (node:net:2328:16)
    at listenInCluster (node:net:2437:12)
    at node:net:2666:7
    at process.processTicksAndRejections (node:internal/process/task_queues:90:21)
Emitted 'error' event on Server instance at:
    at emitErrorNT (node:net:2416:8)
    at process.processTicksAndRejections (node:internal/process/task_queues:90:21) {
  code: 'EADDRINUSE',
  errno: -98,
  syscall: 'listen',
  address: '0.0.0.0',
  port: 7236
}

Node.js v26.8.2
node:events:505
    throw er; // Unhandled 'error' event
    ^

Error: listen EADDRINUSE: address already in use 0.0.0.0:7237
    at Server.setupListenHandle [as _listen2] (node:net:2328:16)
    at listenInCluster (node:net:2437:12)
    at node:net:2666:7
    at process.processTicksAndRejections (node:internal/process/task_queues:90:21)
Emitted 'error' event on Server instance at:
    at emitErrorNT (node:net:2416:8)
    at process.processTicksAndRejections (node:internal/process/task_queues:90:21) {
  code: 'EADDRINUSE',
  errno: -98,
  syscall: 'listen',
  address: '0.0.0.0',
  port: 7237
}

Node.js v26.8.2
node:events:505
    throw er; // Unhandled 'error' event
    ^

Error: listen EADDRINUSE: address already in use 0.0.0.0:7238
    at Server.setupListenHandle [as _listen2] (node:net:2328:16)
    at listenInCluster (node:net:2437:12)
    at node:net:2666:7
    at process.processTicksAndRejections (node:internal/process/task_queues:90:21)
Emitted 'error' event on Server instance at:
    at emitErrorNT (node:net:2416:8)
    at process.processTicksAndRejections (node:internal/process/task_queues:90:21) {
  code: 'EADDRINUSE',
  errno: -98,
  syscall: 'listen',
  address: '0.0.0.0',
  port: 7238
}

Node.js v26.8.2
node:events:505
    throw er; // Unhandled 'error' event
    ^

Error: listen EADDRINUSE: address already in use 0.0.0.0:7239
    at Server.setupListenHandle [as _listen2] (node:net:2328:16)
    at listenInCluster (node:net:2437:12)
    at node:net:2666:7
    at process.processTicksAndRejections (node:internal/process/task_queues:90:21)
Emitted 'error' event on Server instance at:
    at emitErrorNT (node:net:2416:8)
    at process.processTicksAndRejections (node:internal/process/task_queues:90:21) {
  code: 'EADDRINUSE',
  errno: -98,
  syscall: 'listen',
  address: '0.0.0.0',
  port: 7239
}

Node.js v26.8.2
entangle-peer dev-3-0 entangle :7230
entangle-peer dev-3-0 control :8230 status http://0.0.0.0:9230/e91
entangle-peer dev-3-0 status http://0.0.0.0:9230/e91
<anonymous_script>:1
GET /e91 HTTP/1.1
^

SyntaxError: Unexpected token 'G', "GET /e91 HTTP/1.1" is not valid JSON
    at JSON.parse (<anonymous>)
    at flush (file:///data/local/tmp/aarkanum/node-tests/entangle-peer.mjs:41:86)
    at Socket.h (file:///data/local/tmp/aarkanum/node-tests/entangle-peer.mjs:47:11)
    at Socket.emit (node:events:514:20)
    at addChunk (node:internal/streams/readable:575:12)
    at readableAddChunkPushByteMode (node:internal/streams/readable:526:3)
    at Readable.push (node:internal/streams/readable:406:5)
    at TCP.onStreamRead (node:internal/stream_base_commons:189:23)

Node.js v26.8.2
entangle-peer dev-3-0 entangle :7230
entangle-peer dev-3-0 control :8230 status http://0.0.0.0:9230/e91
entangle-peer dev-3-0 status http://0.0.0.0:9230/e91
node:events:505
    throw er; // Unhandled 'error' event
    ^

Error: listen EADDRINUSE: address already in use 0.0.0.0:7230
    at Server.setupListenHandle [as _listen2] (node:net:2328:16)
    at listenInCluster (node:net:2437:12)
    at node:net:2666:7
    at process.processTicksAndRejections (node:internal/process/task_queues:90:21)
Emitted 'error' event on Server instance at:
    at emitErrorNT (node:net:2416:8)
    at process.processTicksAndRejections (node:internal/process/task_queues:90:21) {
  code: 'EADDRINUSE',
  errno: -98,
  syscall: 'listen',
  address: '0.0.0.0',
  port: 7230
}

Node.js v26.8.2
node:events:505
    throw er; // Unhandled 'error' event
    ^

Error: listen EADDRINUSE: address already in use 0.0.0.0:7230
    at Server.setupListenHandle [as _listen2] (node:net:2328:16)
    at listenInCluster (node:net:2437:12)
    at node:net:2666:7
    at process.processTicksAndRejections (node:internal/process/task_queues:90:21)
Emitted 'error' event on Server instance at:
    at emitErrorNT (node:net:2416:8)
    at process.processTicksAndRejections (node:internal/process/task_queues:90:21) {
  code: 'EADDRINUSE',
  errno: -98,
  syscall: 'listen',
  address: '0.0.0.0',
  port: 7230
}

Node.js v26.8.2
node:events:505
    throw er; // Unhandled 'error' event
    ^

Error: listen EADDRINUSE: address already in use 0.0.0.0:7230
    at Server.setupListenHandle [as _listen2] (node:net:2328:16)
    at listenInCluster (node:net:2437:12)
    at node:net:2666:7
    at process.processTicksAndRejections (node:internal/process/task_queues:90:21)
Emitted 'error' event on Server instance at:
    at emitErrorNT (node:net:2416:8)
    at process.processTicksAndRejections (node:internal/process/task_queues:90:21) {
  code: 'EADDRINUSE',
  errno: -98,
  syscall: 'listen',
  address: '0.0.0.0',
  port: 7230
}

Node.js v26.8.2
node:events:505
    throw er; // Unhandled 'error' event
    ^

Error: listen EADDRINUSE: address already in use 0.0.0.0:7230
    at Server.setupListenHandle [as _listen2] (node:net:2328:16)
    at listenInCluster (node:net:2437:12)
    at node:net:2666:7
    at process.processTicksAndRejections (node:internal/process/task_queues:90:21)
Emitted 'error' event on Server instance at:
    at emitErrorNT (node:net:2416:8)
    at process.processTicksAndRejections (node:internal/process/task_queues:90:21) {
  code: 'EADDRINUSE',
  errno: -98,
  syscall: 'listen',
  address: '0.0.0.0',
  port: 7230
}

Node.js v26.8.2
node:events:505
    throw er; // Unhandled 'error' event
    ^

Error: listen EADDRINUSE: address already in use 0.0.0.0:7230
    at Server.setupListenHandle [as _listen2] (node:net:2328:16)
    at listenInCluster (node:net:2437:12)
    at node:net:2666:7
    at process.processTicksAndRejections (node:internal/process/task_queues:90:21)
Emitted 'error' event on Server instance at:
    at emitErrorNT (node:net:2416:8)
    at process.processTicksAndRejections (node:internal/process/task_queues:90:21) {
  code: 'EADDRINUSE',
  errno: -98,
  syscall: 'listen',
  address: '0.0.0.0',
  port: 7230
}

Node.js v26.8.2
node:events:505
    throw er; // Unhandled 'error' event
    ^

Error: listen EADDRINUSE: address already in use 0.0.0.0:7230
    at Server.setupListenHandle [as _listen2] (node:net:2328:16)
    at listenInCluster (node:net:2437:12)
    at node:net:2666:7
    at process.processTicksAndRejections (node:internal/process/task_queues:90:21)
Emitted 'error' event on Server instance at:
    at emitErrorNT (node:net:2416:8)
    at process.processTicksAndRejections (node:internal/process/task_queues:90:21) {
  code: 'EADDRINUSE',
  errno: -98,
  syscall: 'listen',
  address: '0.0.0.0',
  port: 7230
}

Node.js v26.8.2
node:events:505
    throw er; // Unhandled 'error' event
    ^

Error: listen EADDRINUSE: address already in use 0.0.0.0:7230
    at Server.setupListenHandle [as _listen2] (node:net:2328:16)
    at listenInCluster (node:net:2437:12)
    at node:net:2666:7
    at process.processTicksAndRejections (node:internal/process/task_queues:90:21)
Emitted 'error' event on Server instance at:
    at emitErrorNT (node:net:2416:8)
    at process.processTicksAndRejections (node:internal/process/task_queues:90:21) {
  code: 'EADDRINUSE',
  errno: -98,
  syscall: 'listen',
  address: '0.0.0.0',
  port: 7230
}

Node.js v26.8.2
node:events:505
    throw er; // Unhandled 'error' event
    ^

Error: listen EADDRINUSE: address already in use 0.0.0.0:7230
    at Server.setupListenHandle [as _listen2] (node:net:2328:16)
    at listenInCluster (node:net:2437:12)
    at node:net:2666:7
    at process.processTicksAndRejections (node:internal/process/task_queues:90:21)
Emitted 'error' event on Server instance at:
    at emitErrorNT (node:net:2416:8)
    at process.processTicksAndRejections (node:internal/process/task_queues:90:21) {
  code: 'EADDRINUSE',
  errno: -98,
  syscall: 'listen',
  address: '0.0.0.0',
  port: 7230
}

Node.js v26.8.2
node:events:505
    throw er; // Unhandled 'error' event
    ^

Error: listen EADDRINUSE: address already in use 0.0.0.0:7230
    at Server.setupListenHandle [as _listen2] (node:net:2328:16)
    at listenInCluster (node:net:2437:12)
    at node:net:2666:7
    at process.processTicksAndRejections (node:internal/process/task_queues:90:21)
Emitted 'error' event on Server instance at:
    at emitErrorNT (node:net:2416:8)
    at process.processTicksAndRejections (node:internal/process/task_queues:90:21) {
  code: 'EADDRINUSE',
  errno: -98,
  syscall: 'listen',
  address: '0.0.0.0',
  port: 7230
}

Node.js v26.8.2
node:events:505
    throw er; // Unhandled 'error' event
    ^

Error: listen EADDRINUSE: address already in use 0.0.0.0:7230
    at Server.setupListenHandle [as _listen2] (node:net:2328:16)
    at listenInCluster (node:net:2437:12)
    at node:net:2666:7
    at process.processTicksAndRejections (node:internal/process/task_queues:90:21)
Emitted 'error' event on Server instance at:
    at emitErrorNT (node:net:2416:8)
    at process.processTicksAndRejections (node:internal/process/task_queues:90:21) {
  code: 'EADDRINUSE',
  errno: -98,
  syscall: 'listen',
  address: '0.0.0.0',
  port: 7230
}

Node.js v26.8.2
node:events:505
    throw er; // Unhandled 'error' event
    ^

Error: listen EADDRINUSE: address already in use 0.0.0.0:7230
    at Server.setupListenHandle [as _listen2] (node:net:2328:16)
    at listenInCluster (node:net:2437:12)
    at node:net:2666:7
    at process.processTicksAndRejections (node:internal/process/task_queues:90:21)
Emitted 'error' event on Server instance at:
    at emitErrorNT (node:net:2416:8)
    at process.processTicksAndRejections (node:internal/process/task_queues:90:21) {
  code: 'EADDRINUSE',
  errno: -98,
  syscall: 'listen',
  address: '0.0.0.0',
  port: 7230
}

Node.js v26.8.2
node:events:505
    throw er; // Unhandled 'error' event
    ^

Error: listen EADDRINUSE: address already in use 0.0.0.0:7230
    at Server.setupListenHandle [as _listen2] (node:net:2328:16)
    at listenInCluster (node:net:2437:12)
    at node:net:2666:7
    at process.processTicksAndRejections (node:internal/process/task_queues:90:21)
Emitted 'error' event on Server instance at:
    at emitErrorNT (node:net:2416:8)
    at process.processTicksAndRejections (node:internal/process/task_queues:90:21) {
  code: 'EADDRINUSE',
  errno: -98,
  syscall: 'listen',
  address: '0.0.0.0',
  port: 7230
}

Node.js v26.8.2
node:events:505
    throw er; // Unhandled 'error' event
    ^

Error: listen EADDRINUSE: address already in use 0.0.0.0:7230
    at Server.setupListenHandle [as _listen2] (node:net:2328:16)
    at listenInCluster (node:net:2437:12)
    at node:net:2666:7
    at process.processTicksAndRejections (node:internal/process/task_queues:90:21)
Emitted 'error' event on Server instance at:
    at emitErrorNT (node:net:2416:8)
    at process.processTicksAndRejections (node:internal/process/task_queues:90:21) {
  code: 'EADDRINUSE',
  errno: -98,
  syscall: 'listen',
  address: '0.0.0.0',
  port: 7230
}

Node.js v26.8.2
node:events:505
    throw er; // Unhandled 'error' event
    ^

Error: listen EADDRINUSE: address already in use 0.0.0.0:7230
    at Server.setupListenHandle [as _listen2] (node:net:2328:16)
    at listenInCluster (node:net:2437:12)
    at node:net:2666:7
    at process.processTicksAndRejections (node:internal/process/task_queues:90:21)
Emitted 'error' event on Server instance at:
    at emitErrorNT (node:net:2416:8)
    at process.processTicksAndRejections (node:internal/process/task_queues:90:21) {
  code: 'EADDRINUSE',
  errno: -98,
  syscall: 'listen',
  address: '0.0.0.0',
  port: 7230
}

Node.js v26.8.2
node:events:505
    throw er; // Unhandled 'error' event
    ^

Error: listen EADDRINUSE: address already in use 0.0.0.0:7230
    at Server.setupListenHandle [as _listen2] (node:net:2328:16)
    at listenInCluster (node:net:2437:12)
    at node:net:2666:7
    at process.processTicksAndRejections (node:internal/process/task_queues:90:21)
Emitted 'error' event on Server instance at:
    at emitErrorNT (node:net:2416:8)
    at process.processTicksAndRejections (node:internal/process/task_queues:90:21) {
  code: 'EADDRINUSE',
  errno: -98,
  syscall: 'listen',
  address: '0.0.0.0',
  port: 7230
}

Node.js v26.8.2
node:events:505
    throw er; // Unhandled 'error' event
    ^

Error: listen EADDRINUSE: address already in use 0.0.0.0:7230
    at Server.setupListenHandle [as _listen2] (node:net:2328:16)
    at listenInCluster (node:net:2437:12)
    at node:net:2666:7
    at process.processTicksAndRejections (node:internal/process/task_queues:90:21)
Emitted 'error' event on Server instance at:
    at emitErrorNT (node:net:2416:8)
    at process.processTicksAndRejections (node:internal/process/task_queues:90:21) {
  code: 'EADDRINUSE',
  errno: -98,
  syscall: 'listen',
  address: '0.0.0.0',
  port: 7230
}

Node.js v26.8.2
node:events:505
    throw er; // Unhandled 'error' event
    ^

Error: listen EADDRINUSE: address already in use 0.0.0.0:7230
    at Server.setupListenHandle [as _listen2] (node:net:2328:16)
    at listenInCluster (node:net:2437:12)
    at node:net:2666:7
    at process.processTicksAndRejections (node:internal/process/task_queues:90:21)
Emitted 'error' event on Server instance at:
    at emitErrorNT (node:net:2416:8)
    at process.processTicksAndRejections (node:internal/process/task_queues:90:21) {
  code: 'EADDRINUSE',
  errno: -98,
  syscall: 'listen',
  address: '0.0.0.0',
  port: 7230
}

Node.js v26.8.2
node:events:505
    throw er; // Unhandled 'error' event
    ^

Error: listen EADDRINUSE: address already in use 0.0.0.0:7230
    at Server.setupListenHandle [as _listen2] (node:net:2328:16)
    at listenInCluster (node:net:2437:12)
    at node:net:2666:7
    at process.processTicksAndRejections (node:internal/process/task_queues:90:21)
Emitted 'error' event on Server instance at:
    at emitErrorNT (node:net:2416:8)
    at process.processTicksAndRejections (node:internal/process/task_queues:90:21) {
  code: 'EADDRINUSE',
  errno: -98,
  syscall: 'listen',
  address: '0.0.0.0',
  port: 7230
}

Node.js v26.8.2
node:events:505
    throw er; // Unhandled 'error' event
    ^

Error: listen EADDRINUSE: address already in use 0.0.0.0:7230
    at Server.setupListenHandle [as _listen2] (node:net:2328:16)
    at listenInCluster (node:net:2437:12)
    at node:net:2666:7
    at process.processTicksAndRejections (node:internal/process/task_queues:90:21)
Emitted 'error' event on Server instance at:
    at emitErrorNT (node:net:2416:8)
    at process.processTicksAndRejections (node:internal/process/task_queues:90:21) {
  code: 'EADDRINUSE',
  errno: -98,
  syscall: 'listen',
  address: '0.0.0.0',
  port: 7230
}

Node.js v26.8.2
node:events:505
    throw er; // Unhandled 'error' event
    ^

Error: listen EADDRINUSE: address already in use 0.0.0.0:7230
    at Server.setupListenHandle [as _listen2] (node:net:2328:16)
    at listenInCluster (node:net:2437:12)
    at node:net:2666:7
    at process.processTicksAndRejections (node:internal/process/task_queues:90:21)
Emitted 'error' event on Server instance at:
    at emitErrorNT (node:net:2416:8)
    at process.processTicksAndRejections (node:internal/process/task_queues:90:21) {
  code: 'EADDRINUSE',
  errno: -98,
  syscall: 'listen',
  address: '0.0.0.0',
  port: 7230
}

Node.js v26.8.2
node:events:505
    throw er; // Unhandled 'error' event
    ^

Error: listen EADDRINUSE: address already in use 0.0.0.0:7230
    at Server.setupListenHandle [as _listen2] (node:net:2328:16)
    at listenInCluster (node:net:2437:12)
    at node:net:2666:7
    at process.processTicksAndRejections (node:internal/process/task_queues:90:21)
Emitted 'error' event on Server instance at:
    at emitErrorNT (node:net:2416:8)
    at process.processTicksAndRejections (node:internal/process/task_queues:90:21) {
  code: 'EADDRINUSE',
  errno: -98,
  syscall: 'listen',
  address: '0.0.0.0',
  port: 7230
}

Node.js v26.8.2
node:events:505
    throw er; // Unhandled 'error' event
    ^

Error: listen EADDRINUSE: address already in use 0.0.0.0:7230
    at Server.setupListenHandle [as _listen2] (node:net:2328:16)
    at listenInCluster (node:net:2437:12)
    at node:net:2666:7
    at process.processTicksAndRejections (node:internal/process/task_queues:90:21)
Emitted 'error' event on Server instance at:
    at emitErrorNT (node:net:2416:8)
    at process.processTicksAndRejections (node:internal/process/task_queues:90:21) {
  code: 'EADDRINUSE',
  errno: -98,
  syscall: 'listen',
  address: '0.0.0.0',
  port: 7230
}

Node.js v26.8.2
node:events:505
    throw er; // Unhandled 'error' event
    ^

Error: listen EADDRINUSE: address already in use 0.0.0.0:7230
    at Server.setupListenHandle [as _listen2] (node:net:2328:16)
    at listenInCluster (node:net:2437:12)
    at node:net:2666:7
    at process.processTicksAndRejections (node:internal/process/task_queues:90:21)
Emitted 'error' event on Server instance at:
    at emitErrorNT (node:net:2416:8)
    at process.processTicksAndRejections (node:internal/process/task_queues:90:21) {
  code: 'EADDRINUSE',
  errno: -98,
  syscall: 'listen',
  address: '0.0.0.0',
  port: 7230
}

Node.js v26.8.2
node:events:505
    throw er; // Unhandled 'error' event
    ^

Error: listen EADDRINUSE: address already in use 0.0.0.0:7230
    at Server.setupListenHandle [as _listen2] (node:net:2328:16)
    at listenInCluster (node:net:2437:12)
    at node:net:2666:7
    at process.processTicksAndRejections (node:internal/process/task_queues:90:21)
Emitted 'error' event on Server instance at:
    at emitErrorNT (node:net:2416:8)
    at process.processTicksAndRejections (node:internal/process/task_queues:90:21) {
  code: 'EADDRINUSE',
  errno: -98,
  syscall: 'listen',
  address: '0.0.0.0',
  port: 7230
}

Node.js v26.8.2
node:events:505
    throw er; // Unhandled 'error' event
    ^

Error: listen EADDRINUSE: address already in use 0.0.0.0:7230
    at Server.setupListenHandle [as _listen2] (node:net:2328:16)
    at listenInCluster (node:net:2437:12)
    at node:net:2666:7
    at process.processTicksAndRejections (node:internal/process/task_queues:90:21)
Emitted 'error' event on Server instance at:
    at emitErrorNT (node:net:2416:8)
    at process.processTicksAndRejections (node:internal/process/task_queues:90:21) {
  code: 'EADDRINUSE',
  errno: -98,
  syscall: 'listen',
  address: '0.0.0.0',
  port: 7230
}

Node.js v26.8.2
node:events:505
    throw er; // Unhandled 'error' event
    ^

Error: listen EADDRINUSE: address already in use 0.0.0.0:7230
    at Server.setupListenHandle [as _listen2] (node:net:2328:16)
    at listenInCluster (node:net:2437:12)
    at node:net:2666:7
    at process.processTicksAndRejections (node:internal/process/task_queues:90:21)
Emitted 'error' event on Server instance at:
    at emitErrorNT (node:net:2416:8)
    at process.processTicksAndRejections (node:internal/process/task_queues:90:21) {
  code: 'EADDRINUSE',
  errno: -98,
  syscall: 'listen',
  address: '0.0.0.0',
  port: 7230
}

Node.js v26.8.2
node:events:505
    throw er; // Unhandled 'error' event
    ^

Error: listen EADDRINUSE: address already in use 0.0.0.0:7230
    at Server.setupListenHandle [as _listen2] (node:net:2328:16)
    at listenInCluster (node:net:2437:12)
    at node:net:2666:7
    at process.processTicksAndRejections (node:internal/process/task_queues:90:21)
Emitted 'error' event on Server instance at:
    at emitErrorNT (node:net:2416:8)
    at process.processTicksAndRejections (node:internal/process/task_queues:90:21) {
  code: 'EADDRINUSE',
  errno: -98,
  syscall: 'listen',
  address: '0.0.0.0',
  port: 7230
}

Node.js v26.8.2
node:events:505
    throw er; // Unhandled 'error' event
    ^

Error: listen EADDRINUSE: address already in use 0.0.0.0:7230
    at Server.setupListenHandle [as _listen2] (node:net:2328:16)
    at listenInCluster (node:net:2437:12)
    at node:net:2666:7
    at process.processTicksAndRejections (node:internal/process/task_queues:90:21)
Emitted 'error' event on Server instance at:
    at emitErrorNT (node:net:2416:8)
    at process.processTicksAndRejections (node:internal/process/task_queues:90:21) {
  code: 'EADDRINUSE',
  errno: -98,
  syscall: 'listen',
  address: '0.0.0.0',
  port: 7230
}

Node.js v26.8.2
node:events:505
    throw er; // Unhandled 'error' event
    ^

Error: listen EADDRINUSE: address already in use 0.0.0.0:7230
    at Server.setupListenHandle [as _listen2] (node:net:2328:16)
    at listenInCluster (node:net:2437:12)
    at node:net:2666:7
    at process.processTicksAndRejections (node:internal/process/task_queues:90:21)
Emitted 'error' event on Server instance at:
    at emitErrorNT (node:net:2416:8)
    at process.processTicksAndRejections (node:internal/process/task_queues:90:21) {
  code: 'EADDRINUSE',
  errno: -98,
  syscall: 'listen',
  address: '0.0.0.0',
  port: 7230
}

Node.js v26.8.2
node:events:505
    throw er; // Unhandled 'error' event
    ^

Error: listen EADDRINUSE: address already in use 0.0.0.0:7230
    at Server.setupListenHandle [as _listen2] (node:net:2328:16)
    at listenInCluster (node:net:2437:12)
    at node:net:2666:7
    at process.processTicksAndRejections (node:internal/process/task_queues:90:21)
Emitted 'error' event on Server instance at:
    at emitErrorNT (node:net:2416:8)
    at process.processTicksAndRejections (node:internal/process/task_queues:90:21) {
  code: 'EADDRINUSE',
  errno: -98,
  syscall: 'listen',
  address: '0.0.0.0',
  port: 7230
}

Node.js v26.8.2
node:events:505
    throw er; // Unhandled 'error' event
    ^

Error: listen EADDRINUSE: address already in use 0.0.0.0:7230
    at Server.setupListenHandle [as _listen2] (node:net:2328:16)
    at listenInCluster (node:net:2437:12)
    at node:net:2666:7
    at process.processTicksAndRejections (node:internal/process/task_queues:90:21)
Emitted 'error' event on Server instance at:
    at emitErrorNT (node:net:2416:8)
    at process.processTicksAndRejections (node:internal/process/task_queues:90:21) {
  code: 'EADDRINUSE',
  errno: -98,
  syscall: 'listen',
  address: '0.0.0.0',
  port: 7230
}

Node.js v26.8.2
node:events:505
    throw er; // Unhandled 'error' event
    ^

Error: listen EADDRINUSE: address already in use 0.0.0.0:7230
    at Server.setupListenHandle [as _listen2] (node:net:2328:16)
    at listenInCluster (node:net:2437:12)
    at node:net:2666:7
    at process.processTicksAndRejections (node:internal/process/task_queues:90:21)
Emitted 'error' event on Server instance at:
    at emitErrorNT (node:net:2416:8)
    at process.processTicksAndRejections (node:internal/process/task_queues:90:21) {
  code: 'EADDRINUSE',
  errno: -98,
  syscall: 'listen',
  address: '0.0.0.0',
  port: 7230
}

Node.js v26.8.2
node:events:505
    throw er; // Unhandled 'error' event
    ^

Error: listen EADDRINUSE: address already in use 0.0.0.0:7230
    at Server.setupListenHandle [as _listen2] (node:net:2328:16)
    at listenInCluster (node:net:2437:12)
    at node:net:2666:7
    at process.processTicksAndRejections (node:internal/process/task_queues:90:21)
Emitted 'error' event on Server instance at:
    at emitErrorNT (node:net:2416:8)
    at process.processTicksAndRejections (node:internal/process/task_queues:90:21) {
  code: 'EADDRINUSE',
  errno: -98,
  syscall: 'listen',
  address: '0.0.0.0',
  port: 7230
}

Node.js v26.8.2
node:events:505
    throw er; // Unhandled 'error' event
    ^

Error: listen EADDRINUSE: address already in use 0.0.0.0:7230
    at Server.setupListenHandle [as _listen2] (node:net:2328:16)
    at listenInCluster (node:net:2437:12)
    at node:net:2666:7
    at process.processTicksAndRejections (node:internal/process/task_queues:90:21)
Emitted 'error' event on Server instance at:
    at emitErrorNT (node:net:2416:8)
    at process.processTicksAndRejections (node:internal/process/task_queues:90:21) {
  code: 'EADDRINUSE',
  errno: -98,
  syscall: 'listen',
  address: '0.0.0.0',
  port: 7230
}

Node.js v26.8.2
node:events:505
    throw er; // Unhandled 'error' event
    ^

Error: listen EADDRINUSE: address already in use 0.0.0.0:7230
    at Server.setupListenHandle [as _listen2] (node:net:2328:16)
    at listenInCluster (node:net:2437:12)
    at node:net:2666:7
    at process.processTicksAndRejections (node:internal/process/task_queues:90:21)
Emitted 'error' event on Server instance at:
    at emitErrorNT (node:net:2416:8)
    at process.processTicksAndRejections (node:internal/process/task_queues:90:21) {
  code: 'EADDRINUSE',
  errno: -98,
  syscall: 'listen',
  address: '0.0.0.0',
  port: 7230
}

Node.js v26.8.2
node:events:505
    throw er; // Unhandled 'error' event
    ^

Error: listen EADDRINUSE: address already in use 0.0.0.0:7230
    at Server.setupListenHandle [as _listen2] (node:net:2328:16)
    at listenInCluster (node:net:2437:12)
    at node:net:2666:7
    at process.processTicksAndRejections (node:internal/process/task_queues:90:21)
Emitted 'error' event on Server instance at:
    at emitErrorNT (node:net:2416:8)
    at process.processTicksAndRejections (node:internal/process/task_queues:90:21) {
  code: 'EADDRINUSE',
  errno: -98,
  syscall: 'listen',
  address: '0.0.0.0',
  port: 7230
}

Node.js v26.8.2
node:events:505
    throw er; // Unhandled 'error' event
    ^

Error: listen EADDRINUSE: address already in use 0.0.0.0:7230
    at Server.setupListenHandle [as _listen2] (node:net:2328:16)
    at listenInCluster (node:net:2437:12)
    at node:net:2666:7
    at process.processTicksAndRejections (node:internal/process/task_queues:90:21)
Emitted 'error' event on Server instance at:
    at emitErrorNT (node:net:2416:8)
    at process.processTicksAndRejections (node:internal/process/task_queues:90:21) {
  code: 'EADDRINUSE',
  errno: -98,
  syscall: 'listen',
  address: '0.0.0.0',
  port: 7230
}

Node.js v26.8.2
node:events:505
    throw er; // Unhandled 'error' event
    ^

Error: listen EADDRINUSE: address already in use 0.0.0.0:7230
    at Server.setupListenHandle [as _listen2] (node:net:2328:16)
    at listenInCluster (node:net:2437:12)
    at node:net:2666:7
    at process.processTicksAndRejections (node:internal/process/task_queues:90:21)
Emitted 'error' event on Server instance at:
    at emitErrorNT (node:net:2416:8)
    at process.processTicksAndRejections (node:internal/process/task_queues:90:21) {
  code: 'EADDRINUSE',
  errno: -98,
  syscall: 'listen',
  address: '0.0.0.0',
  port: 7230
}

Node.js v26.8.2
node:events:505
    throw er; // Unhandled 'error' event
    ^

Error: listen EADDRINUSE: address already in use 0.0.0.0:7230
    at Server.setupListenHandle [as _listen2] (node:net:2328:16)
    at listenInCluster (node:net:2437:12)
    at node:net:2666:7
    at process.processTicksAndRejections (node:internal/process/task_queues:90:21)
Emitted 'error' event on Server instance at:
    at emitErrorNT (node:net:2416:8)
    at process.processTicksAndRejections (node:internal/process/task_queues:90:21) {
  code: 'EADDRINUSE',
  errno: -98,
  syscall: 'listen',
  address: '0.0.0.0',
  port: 7230
}

Node.js v26.8.2
node:events:505
    throw er; // Unhandled 'error' event
    ^

Error: listen EADDRINUSE: address already in use 0.0.0.0:7230
    at Server.setupListenHandle [as _listen2] (node:net:2328:16)
    at listenInCluster (node:net:2437:12)
    at node:net:2666:7
    at process.processTicksAndRejections (node:internal/process/task_queues:90:21)
Emitted 'error' event on Server instance at:
    at emitErrorNT (node:net:2416:8)
    at process.processTicksAndRejections (node:internal/process/task_queues:90:21) {
  code: 'EADDRINUSE',
  errno: -98,
  syscall: 'listen',
  address: '0.0.0.0',
  port: 7230
}

Node.js v26.8.2
node:events:505
    throw er; // Unhandled 'error' event
    ^

Error: listen EADDRINUSE: address already in use 0.0.0.0:7230
    at Server.setupListenHandle [as _listen2] (node:net:2328:16)
    at listenInCluster (node:net:2437:12)
    at node:net:2666:7
    at process.processTicksAndRejections (node:internal/process/task_queues:90:21)
Emitted 'error' event on Server instance at:
    at emitErrorNT (node:net:2416:8)
    at process.processTicksAndRejections (node:internal/process/task_queues:90:21) {
  code: 'EADDRINUSE',
  errno: -98,
  syscall: 'listen',
  address: '0.0.0.0',
  port: 7230
}

Node.js v26.8.2
node:events:505
    throw er; // Unhandled 'error' event
    ^

Error: listen EADDRINUSE: address already in use 0.0.0.0:7230
    at Server.setupListenHandle [as _listen2] (node:net:2328:16)
    at listenInCluster (node:net:2437:12)
    at node:net:2666:7
    at process.processTicksAndRejections (node:internal/process/task_queues:90:21)
Emitted 'error' event on Server instance at:
    at emitErrorNT (node:net:2416:8)
    at process.processTicksAndRejections (node:internal/process/task_queues:90:21) {
  code: 'EADDRINUSE',
  errno: -98,
  syscall: 'listen',
  address: '0.0.0.0',
  port: 7230
}

Node.js v26.8.2
entangle-peer dev-4-0 entangle :7240
entangle-peer dev-4-0 control :8240 status http://0.0.0.0:9240/e91
entangle-peer dev-4-0 status http://0.0.0.0:9240/e91
<anonymous_script>:1
GET / HTTP/1.1
^

SyntaxError: Unexpected token 'G', "GET / HTTP/1.1" is not valid JSON
    at JSON.parse (<anonymous>)
    at flush (file:///data/local/tmp/aarkanum/node-tests/entangle-peer.mjs:41:86)
    at Socket.h (file:///data/local/tmp/aarkanum/node-tests/entangle-peer.mjs:47:11)
    at Socket.emit (node:events:514:20)
    at addChunk (node:internal/streams/readable:575:12)
    at readableAddChunkPushByteMode (node:internal/streams/readable:526:3)
    at Readable.push (node:internal/streams/readable:406:5)
    at TCP.onStreamRead (node:internal/stream_base_commons:189:23)

Node.js v26.8.2
entangle-peer dev-4-0 entangle :7240
entangle-peer dev-4-0 control :8240 status http://0.0.0.0:9240/e91
entangle-peer dev-4-0 status http://0.0.0.0:9240/e91
node:events:505
    throw er; // Unhandled 'error' event
    ^

Error: listen EADDRINUSE: address already in use 0.0.0.0:7240
    at Server.setupListenHandle [as _listen2] (node:net:2328:16)
    at listenInCluster (node:net:2437:12)
    at node:net:2666:7
    at process.processTicksAndRejections (node:internal/process/task_queues:90:21)
Emitted 'error' event on Server instance at:
    at emitErrorNT (node:net:2416:8)
    at process.processTicksAndRejections (node:internal/process/task_queues:90:21) {
  code: 'EADDRINUSE',
  errno: -98,
  syscall: 'listen',
  address: '0.0.0.0',
  port: 7240
}

Node.js v26.8.2
